<?xml version = '1.0' encoding = 'UTF-8'?>
<Table class="oracle.dbtools.crest.model.design.relational.Table" directorySegmentName="seg_0" id="8FA82216-0A59-E851-036F-B74739217231" name="Estudiante">
<sourceDDLFile>base.sql</sourceDDLFile>
<createdBy>Alumno</createdBy>
<createdTime>2025-10-29 16:00:47 UTC</createdTime>
<ownerDesignName>diagramasDeBaseDeDatos</ownerDesignName>
<importedID>029915E6-AF67-BB87-15C8-2B43672F1F68</importedID>
<allowColumnReorder>false</allowColumnReorder>
<existDependencyGenerateInDDl>true</existDependencyGenerateInDDl>
<parsed>true</parsed>
<columns itemClass="oracle.dbtools.crest.model.design.relational.Column">
<Column name="id_estudiante" id="893BA543-7746-19BE-6BE3-64087F799874">
<sourceDDLFile>base.sql</sourceDDLFile>
<createdBy>Alumno</createdBy>
<createdTime>2025-10-29 16:00:47 UTC</createdTime>
<ownerDesignName>diagramasDeBaseDeDatos</ownerDesignName>
<importedID>2D10F180-8913-A90E-82D3-C434C4753885</importedID>
<use>0</use>
<logicalDatatype>LOGDT011</logicalDatatype>
<domain>BAB2136E-EEC7-3FA3-4639-7EEE718DCC4A</domain>
<ownDataTypeParameters>,,</ownDataTypeParameters>
<autoIncrementColumn>true</autoIncrementColumn>
<identityColumn>true</identityColumn>
<autoIncrementCycle>false</autoIncrementCycle>
<autoIncrementOrder>false</autoIncrementOrder>
</Column>
<Column name="id_usuario" id="7A8CF2A6-F64A-9411-F81F-EEFDD6A961F7">
<sourceDDLFile>base.sql</sourceDDLFile>
<createdBy>Alumno</createdBy>
<createdTime>2025-10-29 16:00:47 UTC</createdTime>
<ownerDesignName>diagramasDeBaseDeDatos</ownerDesignName>
<importedID>A7AFE4CB-9FE4-C48C-F49D-C28F800DB8C6</importedID>
<use>0</use>
<logicalDatatype>LOGDT011</logicalDatatype>
<domain>BAB2136E-EEC7-3FA3-4639-7EEE718DCC4A</domain>
<ownDataTypeParameters>,,</ownDataTypeParameters>
<autoIncrementCycle>false</autoIncrementCycle>
<associations>
<colAssociation fkAssociation="498E7AD7-2317-45F9-8C92-2D0510955A86" referredColumn="FF7FC7D5-645F-FF52-CEDA-80E49A3CEED0"/>
</associations>
</Column>
<Column name="semestre" id="2253D98A-0D3F-AEA8-D4D8-09BC15EDFEF8">
<sourceDDLFile>base.sql</sourceDDLFile>
<createdBy>Alumno</createdBy>
<createdTime>2025-10-29 16:00:47 UTC</createdTime>
<ownerDesignName>diagramasDeBaseDeDatos</ownerDesignName>
<importedID>35A8C2B0-29A6-01B4-A24F-9DD0B1B41B2D</importedID>
<use>0</use>
<logicalDatatype>LOGDT024</logicalDatatype>
<domain>DB83609A-AEC5-4BDD-4A7F-DAB05ABBA5C5</domain>
<ownDataTypeParameters>,,</ownDataTypeParameters>
<autoIncrementCycle>false</autoIncrementCycle>
</Column>
<Column name="carrera" id="01E2505D-963C-BCC2-74F8-BDCF0FCA6C10">
<sourceDDLFile>base.sql</sourceDDLFile>
<createdBy>Alumno</createdBy>
<createdTime>2025-10-29 16:00:47 UTC</createdTime>
<ownerDesignName>diagramasDeBaseDeDatos</ownerDesignName>
<importedID>C585EB64-3477-0624-8572-27B596D208EE</importedID>
<use>0</use>
<logicalDatatype>LOGDT024</logicalDatatype>
<domain>DB83609A-AEC5-4BDD-4A7F-DAB05ABBA5C5</domain>
<ownDataTypeParameters>,,</ownDataTypeParameters>
<autoIncrementCycle>false</autoIncrementCycle>
</Column>
</columns>
<indexes itemClass="oracle.dbtools.crest.model.design.relational.Index">
<ind_PK_UK id="30770B85-0928-0F1E-A945-8FA07E99F553" name="Estudiante_PK">
<sourceDDLFile>base.sql</sourceDDLFile>
<createdBy>Alumno</createdBy>
<createdTime>2025-10-29 16:00:47 UTC</createdTime>
<ownerDesignName>diagramasDeBaseDeDatos</ownerDesignName>
<importedID>DF01DBEF-CC93-B0F7-7075-C1C7E78E4195</importedID>
<pk>true</pk>
<indexState>Primary Constraint</indexState>
<isSurrogateKey>false</isSurrogateKey>
<indexColumnUsage>
<colUsage columnID="893BA543-7746-19BE-6BE3-64087F799874"/>
</indexColumnUsage>
</ind_PK_UK>
<ind_PK_UK id="30FE4DDD-FAFE-B0AD-B188-ADAB3CC874E9" name="fk_estudiante_usuario">
<createdBy>Alumno</createdBy>
<createdTime>2025-10-29 16:00:47 UTC</createdTime>
<ownerDesignName>diagramasDeBaseDeDatos</ownerDesignName>
<indexState>Foreign Key</indexState>
<isSurrogateKey>false</isSurrogateKey>
<indexColumnUsage>
<colUsage columnID="7A8CF2A6-F64A-9411-F81F-EEFDD6A961F7"/>
</indexColumnUsage>
</ind_PK_UK>
</indexes>
</Table>