<?xml version = '1.0' encoding = 'UTF-8'?>
<Table class="oracle.dbtools.crest.model.design.relational.Table" directorySegmentName="seg_0" id="A69B5AA6-6B3D-79F4-8A30-FDD8E06AFDBC" name="Recurso">
<sourceDDLFile>base.sql</sourceDDLFile>
<createdBy>Alumno</createdBy>
<createdTime>2025-10-29 16:00:47 UTC</createdTime>
<ownerDesignName>diagramasDeBaseDeDatos</ownerDesignName>
<importedID>FE94DC0F-39FB-86EB-518F-C3ED02266E13</importedID>
<allowColumnReorder>false</allowColumnReorder>
<existDependencyGenerateInDDl>true</existDependencyGenerateInDDl>
<parsed>true</parsed>
<columns itemClass="oracle.dbtools.crest.model.design.relational.Column">
<Column name="id_recurso" id="70792F63-4436-4EFF-F2A8-D7E0D8B9919B">
<sourceDDLFile>base.sql</sourceDDLFile>
<createdBy>Alumno</createdBy>
<createdTime>2025-10-29 16:00:47 UTC</createdTime>
<ownerDesignName>diagramasDeBaseDeDatos</ownerDesignName>
<importedID>E4859DB7-36AA-59ED-89F5-6E51A8A77A20</importedID>
<use>0</use>
<logicalDatatype>LOGDT011</logicalDatatype>
<domain>BAB2136E-EEC7-3FA3-4639-7EEE718DCC4A</domain>
<ownDataTypeParameters>,,</ownDataTypeParameters>
<autoIncrementColumn>true</autoIncrementColumn>
<identityColumn>true</identityColumn>
<autoIncrementCycle>false</autoIncrementCycle>
<autoIncrementOrder>false</autoIncrementOrder>
</Column>
<Column name="titulo" id="6BB52AA2-5D5B-ECF0-7E3A-783A10701BAD">
<sourceDDLFile>base.sql</sourceDDLFile>
<createdBy>Alumno</createdBy>
<createdTime>2025-10-29 16:00:47 UTC</createdTime>
<ownerDesignName>diagramasDeBaseDeDatos</ownerDesignName>
<importedID>E152924F-9D6D-2591-7532-496850287A0A</importedID>
<use>0</use>
<logicalDatatype>LOGDT024</logicalDatatype>
<domain>DAAC4344-0CC1-8C1A-BACF-B4B233BDABA7</domain>
<ownDataTypeParameters>,,</ownDataTypeParameters>
<autoIncrementCycle>false</autoIncrementCycle>
</Column>
<Column name="descripcion" id="76274C1E-DEC0-B515-B7A9-3574790415FD">
<sourceDDLFile>base.sql</sourceDDLFile>
<createdBy>Alumno</createdBy>
<createdTime>2025-10-29 16:00:47 UTC</createdTime>
<ownerDesignName>diagramasDeBaseDeDatos</ownerDesignName>
<importedID>4FBBD64C-A5D9-7EC7-058F-A578EBC38106</importedID>
<nullsAllowed>true</nullsAllowed>
<use>0</use>
<logicalDatatype>LOGDT024</logicalDatatype>
<domain>294D5C18-6112-69F1-A7C3-83AF0E22BAB1</domain>
<ownDataTypeParameters>,,</ownDataTypeParameters>
<autoIncrementCycle>false</autoIncrementCycle>
</Column>
<Column name="autor" id="7F211C67-652E-FDB8-B954-4319732613A0">
<sourceDDLFile>base.sql</sourceDDLFile>
<createdBy>Alumno</createdBy>
<createdTime>2025-10-29 16:00:47 UTC</createdTime>
<ownerDesignName>diagramasDeBaseDeDatos</ownerDesignName>
<importedID>FAE1F943-351A-D139-F89E-CB691A71CC12</importedID>
<use>0</use>
<logicalDatatype>LOGDT024</logicalDatatype>
<domain>DB83609A-AEC5-4BDD-4A7F-DAB05ABBA5C5</domain>
<ownDataTypeParameters>,,</ownDataTypeParameters>
<autoIncrementCycle>false</autoIncrementCycle>
</Column>
<Column name="semestre" id="2D30444A-4F2E-2741-92FC-6228B6398331">
<sourceDDLFile>base.sql</sourceDDLFile>
<createdBy>Alumno</createdBy>
<createdTime>2025-10-29 16:00:47 UTC</createdTime>
<ownerDesignName>diagramasDeBaseDeDatos</ownerDesignName>
<importedID>9AA7FBCA-DD79-2264-2C09-D158EC473DD0</importedID>
<nullsAllowed>true</nullsAllowed>
<use>0</use>
<logicalDatatype>LOGDT024</logicalDatatype>
<domain>0EB21FE6-4DAF-BC6B-AD75-DAD3578D03BC</domain>
<ownDataTypeParameters>,,</ownDataTypeParameters>
<autoIncrementCycle>false</autoIncrementCycle>
</Column>
<Column name="tamaÃ±o" id="B3348559-307C-1623-CE6D-0389181669F1">
<sourceDDLFile>base.sql</sourceDDLFile>
<createdBy>Alumno</createdBy>
<createdTime>2025-10-29 16:00:47 UTC</createdTime>
<ownerDesignName>diagramasDeBaseDeDatos</ownerDesignName>
<importedID>5C54DAF3-EC0E-779C-2A5E-40D7583EBCE0</importedID>
<nullsAllowed>true</nullsAllowed>
<useDomainConstraints>false</useDomainConstraints>
<use>0</use>
<logicalDatatype>LOGDT011</logicalDatatype>
<domain>BAB2136E-EEC7-3FA3-4639-7EEE718DCC4A</domain>
<checkConstraint>
<implementationDef dbType="Oracle Database 12c" definition="tamaÃ±o &lt;= 1048576"/>
</checkConstraint>
<ownDataTypeParameters>,,</ownDataTypeParameters>
<autoIncrementCycle>false</autoIncrementCycle>
</Column>
<Column name="fecha_subida" id="C393AD7A-BEA2-F2B1-A025-2038A39DC825">
<sourceDDLFile>base.sql</sourceDDLFile>
<createdBy>Alumno</createdBy>
<createdTime>2025-10-29 16:00:47 UTC</createdTime>
<ownerDesignName>diagramasDeBaseDeDatos</ownerDesignName>
<importedID>3A80AD2D-2256-D6D0-8041-7B05A8F7ED94</importedID>
<use>0</use>
<logicalDatatype>LOGDT007</logicalDatatype>
<domain>A71490D1-244B-9C99-FA46-E25D6293BDB9</domain>
<ownDataTypeParameters>,,</ownDataTypeParameters>
<autoIncrementCycle>false</autoIncrementCycle>
</Column>
<Column name="estado" id="B76DD95C-6DF3-060A-4F80-72F2FF43CB61">
<sourceDDLFile>base.sql</sourceDDLFile>
<createdBy>Alumno</createdBy>
<createdTime>2025-10-29 16:00:47 UTC</createdTime>
<ownerDesignName>diagramasDeBaseDeDatos</ownerDesignName>
<importedID>47A37883-789E-8D86-5884-6997F4A39B52</importedID>
<nullsAllowed>true</nullsAllowed>
<use>0</use>
<logicalDatatype>LOGDT024</logicalDatatype>
<domain>DB83609A-AEC5-4BDD-4A7F-DAB05ABBA5C5</domain>
<defaultValue>&apos;Pendiente&apos;</defaultValue>
<ownDataTypeParameters>,,</ownDataTypeParameters>
<autoIncrementCycle>false</autoIncrementCycle>
</Column>
<Column name="id_docente" id="1A08825C-43A1-35AB-F4B1-38EEA37CC4E4">
<sourceDDLFile>base.sql</sourceDDLFile>
<createdBy>Alumno</createdBy>
<createdTime>2025-10-29 16:00:47 UTC</createdTime>
<ownerDesignName>diagramasDeBaseDeDatos</ownerDesignName>
<importedID>2A94A526-136F-691B-5D80-2F4288FB3150</importedID>
<use>0</use>
<logicalDatatype>LOGDT011</logicalDatatype>
<domain>BAB2136E-EEC7-3FA3-4639-7EEE718DCC4A</domain>
<ownDataTypeParameters>,,</ownDataTypeParameters>
<autoIncrementCycle>false</autoIncrementCycle>
<associations>
<colAssociation fkAssociation="B6BB56A1-7DED-9D79-6ADD-A60EC2AF8DD6" referredColumn="06AC2601-9045-C03C-2A0D-4C591CA8B212"/>
</associations>
</Column>
</columns>
<indexes itemClass="oracle.dbtools.crest.model.design.relational.Index">
<ind_PK_UK id="CAF14729-AEFD-2DF5-4EE9-AD9F823E3231" name="Recurso_PK">
<sourceDDLFile>base.sql</sourceDDLFile>
<createdBy>Alumno</createdBy>
<createdTime>2025-10-29 16:00:47 UTC</createdTime>
<ownerDesignName>diagramasDeBaseDeDatos</ownerDesignName>
<importedID>5F604609-423A-B1D2-C95E-C88B126E376B</importedID>
<pk>true</pk>
<indexState>Primary Constraint</indexState>
<isSurrogateKey>false</isSurrogateKey>
<indexColumnUsage>
<colUsage columnID="70792F63-4436-4EFF-F2A8-D7E0D8B9919B"/>
</indexColumnUsage>
</ind_PK_UK>
<ind_PK_UK id="706FCD63-846C-26B6-DF85-BD70F695DD7B" name="fk_recurso_docente">
<createdBy>Alumno</createdBy>
<createdTime>2025-10-29 16:00:47 UTC</createdTime>
<ownerDesignName>diagramasDeBaseDeDatos</ownerDesignName>
<indexState>Foreign Key</indexState>
<isSurrogateKey>false</isSurrogateKey>
<indexColumnUsage>
<colUsage columnID="1A08825C-43A1-35AB-F4B1-38EEA37CC4E4"/>
</indexColumnUsage>
</ind_PK_UK>
</indexes>
</Table>