<?xml version = '1.0' encoding = 'UTF-8'?>
<Table class="oracle.dbtools.crest.model.design.relational.Table" directorySegmentName="seg_0" id="CF861276-4C84-C442-4F2D-186144101D50" name="Gestor">
<sourceDDLFile>base.sql</sourceDDLFile>
<createdBy>Alumno</createdBy>
<createdTime>2025-10-29 16:00:47 UTC</createdTime>
<ownerDesignName>diagramasDeBaseDeDatos</ownerDesignName>
<importedID>B3FCE7EF-3E32-6A61-0CB5-AB06DD603B82</importedID>
<allowColumnReorder>false</allowColumnReorder>
<existDependencyGenerateInDDl>true</existDependencyGenerateInDDl>
<parsed>true</parsed>
<columns itemClass="oracle.dbtools.crest.model.design.relational.Column">
<Column name="id_gestor" id="1C5CD1DF-3E8F-8505-DF30-2C540A70FBCE">
<sourceDDLFile>base.sql</sourceDDLFile>
<createdBy>Alumno</createdBy>
<createdTime>2025-10-29 16:00:47 UTC</createdTime>
<ownerDesignName>diagramasDeBaseDeDatos</ownerDesignName>
<importedID>A29CB20E-65A3-774F-4742-AE107CA7FEFE</importedID>
<use>0</use>
<logicalDatatype>LOGDT011</logicalDatatype>
<domain>BAB2136E-EEC7-3FA3-4639-7EEE718DCC4A</domain>
<ownDataTypeParameters>,,</ownDataTypeParameters>
<autoIncrementColumn>true</autoIncrementColumn>
<identityColumn>true</identityColumn>
<autoIncrementCycle>false</autoIncrementCycle>
<autoIncrementOrder>false</autoIncrementOrder>
</Column>
<Column name="id_usuario" id="8F10D7BC-3D58-0070-FA2D-2F91A055A808">
<sourceDDLFile>base.sql</sourceDDLFile>
<createdBy>Alumno</createdBy>
<createdTime>2025-10-29 16:00:47 UTC</createdTime>
<ownerDesignName>diagramasDeBaseDeDatos</ownerDesignName>
<importedID>557F5187-A98C-1359-CB6C-62C13582C897</importedID>
<use>0</use>
<logicalDatatype>LOGDT011</logicalDatatype>
<domain>BAB2136E-EEC7-3FA3-4639-7EEE718DCC4A</domain>
<ownDataTypeParameters>,,</ownDataTypeParameters>
<autoIncrementCycle>false</autoIncrementCycle>
<associations>
<colAssociation fkAssociation="443F3A75-7C84-4213-D1AE-8C2CBCB42C1E" referredColumn="FF7FC7D5-645F-FF52-CEDA-80E49A3CEED0"/>
</associations>
</Column>
<Column name="area_responsable" id="985567C0-9293-9B13-9EBC-4F690C305080">
<sourceDDLFile>base.sql</sourceDDLFile>
<createdBy>Alumno</createdBy>
<createdTime>2025-10-29 16:00:47 UTC</createdTime>
<ownerDesignName>diagramasDeBaseDeDatos</ownerDesignName>
<importedID>0CE65BE3-F4D9-0D01-E93D-32394A4877E0</importedID>
<use>0</use>
<logicalDatatype>LOGDT024</logicalDatatype>
<domain>F2659090-4ABE-3177-7C8C-A49FFA93500E</domain>
<ownDataTypeParameters>,,</ownDataTypeParameters>
<autoIncrementCycle>false</autoIncrementCycle>
</Column>
</columns>
<indexes itemClass="oracle.dbtools.crest.model.design.relational.Index">
<ind_PK_UK id="6812DF8B-54F8-D869-ABE6-596B55BB33BA" name="Gestor_PK">
<sourceDDLFile>base.sql</sourceDDLFile>
<createdBy>Alumno</createdBy>
<createdTime>2025-10-29 16:00:47 UTC</createdTime>
<ownerDesignName>diagramasDeBaseDeDatos</ownerDesignName>
<importedID>4DB62451-694E-BA44-173F-037B20F7A646</importedID>
<pk>true</pk>
<indexState>Primary Constraint</indexState>
<isSurrogateKey>false</isSurrogateKey>
<indexColumnUsage>
<colUsage columnID="1C5CD1DF-3E8F-8505-DF30-2C540A70FBCE"/>
</indexColumnUsage>
</ind_PK_UK>
<ind_PK_UK id="9D57A534-DCCF-B86C-A067-5BF534F70CAD" name="fk_gestor_usuario">
<createdBy>Alumno</createdBy>
<createdTime>2025-10-29 16:00:47 UTC</createdTime>
<ownerDesignName>diagramasDeBaseDeDatos</ownerDesignName>
<indexState>Foreign Key</indexState>
<isSurrogateKey>false</isSurrogateKey>
<indexColumnUsage>
<colUsage columnID="8F10D7BC-3D58-0070-FA2D-2F91A055A808"/>
</indexColumnUsage>
</ind_PK_UK>
</indexes>
</Table>