<?xml version = '1.0' encoding = 'UTF-8'?>
<Table class="oracle.dbtools.crest.model.design.relational.Table" directorySegmentName="seg_0" id="F89E5AC2-6C89-8D76-E96A-A400318B0CA9" name="Coordinacion">
<sourceDDLFile>base.sql</sourceDDLFile>
<createdBy>Alumno</createdBy>
<createdTime>2025-10-29 16:00:47 UTC</createdTime>
<ownerDesignName>diagramasDeBaseDeDatos</ownerDesignName>
<importedID>90BF4C2B-6B78-DBFE-AF2E-7C0D07802709</importedID>
<allowColumnReorder>false</allowColumnReorder>
<existDependencyGenerateInDDl>true</existDependencyGenerateInDDl>
<parsed>true</parsed>
<columns itemClass="oracle.dbtools.crest.model.design.relational.Column">
<Column name="id_coordinacion" id="0CCB4938-2CA0-D166-FD07-FCEFB06D41C8">
<sourceDDLFile>base.sql</sourceDDLFile>
<createdBy>Alumno</createdBy>
<createdTime>2025-10-29 16:00:47 UTC</createdTime>
<ownerDesignName>diagramasDeBaseDeDatos</ownerDesignName>
<importedID>1C835299-6AB9-9A81-2F1E-2873DA8CFACB</importedID>
<use>0</use>
<logicalDatatype>LOGDT011</logicalDatatype>
<domain>BAB2136E-EEC7-3FA3-4639-7EEE718DCC4A</domain>
<ownDataTypeParameters>,,</ownDataTypeParameters>
<autoIncrementColumn>true</autoIncrementColumn>
<identityColumn>true</identityColumn>
<autoIncrementCycle>false</autoIncrementCycle>
<autoIncrementOrder>false</autoIncrementOrder>
</Column>
<Column name="id_usuario" id="AB5CBA41-EE9B-874A-B851-F1053D2D5449">
<sourceDDLFile>base.sql</sourceDDLFile>
<createdBy>Alumno</createdBy>
<createdTime>2025-10-29 16:00:47 UTC</createdTime>
<ownerDesignName>diagramasDeBaseDeDatos</ownerDesignName>
<importedID>06079CF4-8799-C554-D34F-373A26B94E62</importedID>
<use>0</use>
<logicalDatatype>LOGDT011</logicalDatatype>
<domain>BAB2136E-EEC7-3FA3-4639-7EEE718DCC4A</domain>
<ownDataTypeParameters>,,</ownDataTypeParameters>
<autoIncrementCycle>false</autoIncrementCycle>
<associations>
<colAssociation fkAssociation="E77EA29F-CF7C-C648-E0F8-EAF679311CA8" referredColumn="FF7FC7D5-645F-FF52-CEDA-80E49A3CEED0"/>
</associations>
</Column>
<Column name="cargo" id="F0644862-0A68-E2E8-A975-941EE5AAAA9E">
<sourceDDLFile>base.sql</sourceDDLFile>
<createdBy>Alumno</createdBy>
<createdTime>2025-10-29 16:00:47 UTC</createdTime>
<ownerDesignName>diagramasDeBaseDeDatos</ownerDesignName>
<importedID>7601E171-229D-78F1-BDAA-C60045AD1464</importedID>
<use>0</use>
<logicalDatatype>LOGDT024</logicalDatatype>
<domain>F2659090-4ABE-3177-7C8C-A49FFA93500E</domain>
<ownDataTypeParameters>,,</ownDataTypeParameters>
<autoIncrementCycle>false</autoIncrementCycle>
</Column>
</columns>
<indexes itemClass="oracle.dbtools.crest.model.design.relational.Index">
<ind_PK_UK id="DC1DDE3A-D2E4-2086-E9C2-5D7F46786848" name="Coordinacion_PK">
<sourceDDLFile>base.sql</sourceDDLFile>
<createdBy>Alumno</createdBy>
<createdTime>2025-10-29 16:00:47 UTC</createdTime>
<ownerDesignName>diagramasDeBaseDeDatos</ownerDesignName>
<importedID>54C067DA-997E-C4F2-F455-D5D21ED28F6C</importedID>
<pk>true</pk>
<indexState>Primary Constraint</indexState>
<isSurrogateKey>false</isSurrogateKey>
<indexColumnUsage>
<colUsage columnID="0CCB4938-2CA0-D166-FD07-FCEFB06D41C8"/>
</indexColumnUsage>
</ind_PK_UK>
<ind_PK_UK id="D5F00BFF-C1E4-A92F-9FA5-8B7B417A4B0C" name="fk_coordinacion_usuario">
<createdBy>Alumno</createdBy>
<createdTime>2025-10-29 16:00:47 UTC</createdTime>
<ownerDesignName>diagramasDeBaseDeDatos</ownerDesignName>
<indexState>Foreign Key</indexState>
<isSurrogateKey>false</isSurrogateKey>
<indexColumnUsage>
<colUsage columnID="AB5CBA41-EE9B-874A-B851-F1053D2D5449"/>
</indexColumnUsage>
</ind_PK_UK>
</indexes>
</Table>