<?xml version = '1.0' encoding = 'UTF-8'?>
<Diagram class="oracle.dbtools.crest.swingui.logical.DPVLogical" name="Logical" id="7331AC31-A9E8-5662-FE8D-466C4BBBFFF2">
<createdBy>Alumno</createdBy>
<modifiedBy>Alumno</modifiedBy>
<createdTime>2025-10-29 16:06:11 UTC</createdTime>
<autoRoute>false</autoRoute>
<boxInbox>true</boxInbox>
<showLegend>false</showLegend>
<showLabels>false</showLabels>
<showRelAttributes>false</showRelAttributes>
<gridEnabled>false</gridEnabled>
<showGrid>false</showGrid>
<diagramColor>-1</diagramColor>
<display>false</display>
<notation>1</notation>
<objectViews>
<OView class="oracle.dbtools.crest.swingui.logical.TVEntity" oid="282950D5-E32F-8131-2C72-E6C6EB729036" otype="Entity" vid="A13D140E-7435-3374-F9C1-4A0767901C03">
<hideElementsInCurrentOnly>false</hideElementsInCurrentOnly>
<bounds x="921" y="191" width="140" height="97"/>
</OView>
<OView class="oracle.dbtools.crest.swingui.logical.TVEntity" oid="292851D1-4628-DF4F-2EDE-D71BC1FA83E9" otype="Entity" vid="6A6396DD-4E70-B215-BB06-0FBBB35BB863">
<hideElementsInCurrentOnly>false</hideElementsInCurrentOnly>
<bounds x="873" y="307" width="119" height="68"/>
</OView>
<OView class="oracle.dbtools.crest.swingui.logical.TVEntity" oid="2EB299E5-1919-7C65-7817-07C921F32905" otype="Entity" vid="4E22E777-1FCD-7953-8AC1-D4F5139ECDDA">
<hideElementsInCurrentOnly>false</hideElementsInCurrentOnly>
<bounds x="109" y="325" width="123" height="70"/>
</OView>
<OView class="oracle.dbtools.crest.swingui.logical.TVEntity" oid="59AC49CE-4727-C247-A305-7F3B8A919104" otype="Entity" vid="0DF736EF-BB44-E747-0ECE-F19499D690E5">
<hideElementsInCurrentOnly>false</hideElementsInCurrentOnly>
<bounds x="111" y="100" width="132" height="60"/>
</OView>
<OView class="oracle.dbtools.crest.swingui.logical.TVEntity" oid="7066E2B4-F96B-5DB6-74C4-1B4178FB0C6F" otype="Entity" vid="E53723B1-E130-3418-A05B-545B1BCA6F5E">
<hideElementsInCurrentOnly>false</hideElementsInCurrentOnly>
<bounds x="112" y="216" width="110" height="56"/>
</OView>
<OView class="oracle.dbtools.crest.swingui.logical.TVEntity" oid="9819EB4E-3CBB-61CE-1F46-4E684BD00E07" otype="Entity" vid="77DC52F4-F807-665C-78C8-29B3D98226D6">
<hideElementsInCurrentOnly>false</hideElementsInCurrentOnly>
<bounds x="486" y="255" width="114" height="62"/>
</OView>
<OView class="oracle.dbtools.crest.swingui.logical.TVEntity" oid="A6EF25D5-736C-2FD5-64E4-1FA230441822" otype="Entity" vid="7ABA7D58-5D57-F748-B1D7-D4BA8972CCB7">
<hideElementsInCurrentOnly>false</hideElementsInCurrentOnly>
<bounds x="285" y="188" width="124" height="120"/>
</OView>
<OView class="oracle.dbtools.crest.swingui.logical.TVEntity" oid="AB920F5C-870B-A552-3E02-A3451E6B12F2" otype="Entity" vid="2DA9F000-58AA-13B8-C3DD-2BAC1379E5FA">
<hideElementsInCurrentOnly>false</hideElementsInCurrentOnly>
<bounds x="698" y="344" width="123" height="82"/>
</OView>
<OView class="oracle.dbtools.crest.swingui.logical.TVEntity" oid="ACCE7699-4AC1-E318-696B-D7B470FE400D" otype="Entity" vid="51C45E6A-7EA2-5EA0-FE43-F9FB3CDF899B">
<hideElementsInCurrentOnly>false</hideElementsInCurrentOnly>
<bounds x="695" y="114" width="118" height="138"/>
</OView>
<OView class="oracle.dbtools.crest.swingui.logical.TVEntity" oid="C7259677-1477-4B79-165B-15DCE935F6AF" otype="Entity" vid="899D4DFA-66A2-A0B5-90A9-2168C17B77C3">
<hideElementsInCurrentOnly>false</hideElementsInCurrentOnly>
<bounds x="485" y="130" width="140" height="99"/>
</OView>
<OView class="oracle.dbtools.crest.swingui.logical.TVEntity" oid="EA71A771-E7F5-7016-E3FE-95BADBEEC78D" otype="Entity" vid="29A7BD03-EB39-E336-CCDA-68675EC5843A">
<hideElementsInCurrentOnly>false</hideElementsInCurrentOnly>
<bounds x="285" y="364" width="123" height="59"/>
</OView>
<OView class="oracle.dbtools.crest.swingui.logical.TVEntity" oid="ECAF7ED6-FF8A-1B64-7154-836BD809155A" otype="Entity" vid="504E1F46-0F8A-B1C1-A8A5-4DBA9B7845CD">
<hideElementsInCurrentOnly>false</hideElementsInCurrentOnly>
<bounds x="928" y="90" width="120" height="88"/>
</OView>
</objectViews>
<connectors>
<Connector class="oracle.dbtools.crest.swingui.logical.TVRelation" oid="0D9147B7-BF77-2738-CB33-BB9EEA6E7907" otype="Relation" vid_source="51C45E6A-7EA2-5EA0-FE43-F9FB3CDF899B" vid_target="6A6396DD-4E70-B215-BB06-0FBBB35BB863">
<hideElementsInCurrentOnly>false</hideElementsInCurrentOnly>
<backgroundColor>-16777216</backgroundColor>
<lineWidth>1</lineWidth>
<points>
<point x="813" y="235"/>
<point x="894" y="307"/>
</points>
</Connector>
<Connector class="oracle.dbtools.crest.swingui.logical.TVRelation" oid="1B10068E-EAD9-0415-72AA-9F1DB35FF19E" otype="Relation" vid_source="51C45E6A-7EA2-5EA0-FE43-F9FB3CDF899B" vid_target="504E1F46-0F8A-B1C1-A8A5-4DBA9B7845CD">
<hideElementsInCurrentOnly>false</hideElementsInCurrentOnly>
<backgroundColor>-16777216</backgroundColor>
<lineWidth>1</lineWidth>
<points>
<point x="813" y="146"/>
<point x="928" y="146"/>
</points>
</Connector>
<Connector class="oracle.dbtools.crest.swingui.logical.TVRelation" oid="30BF9EE3-A8C9-79C2-E12F-137CCEB82EFC" otype="Relation" vid_source="7ABA7D58-5D57-F748-B1D7-D4BA8972CCB7" vid_target="29A7BD03-EB39-E336-CCDA-68675EC5843A">
<hideElementsInCurrentOnly>false</hideElementsInCurrentOnly>
<backgroundColor>-16777216</backgroundColor>
<lineWidth>1</lineWidth>
<points>
<point x="346" y="308"/>
<point x="346" y="364"/>
</points>
</Connector>
<Connector class="oracle.dbtools.crest.swingui.logical.TVRelation" oid="35698282-C8FA-8659-CDC2-3CEEECD689AE" otype="Relation" vid_source="7ABA7D58-5D57-F748-B1D7-D4BA8972CCB7" vid_target="77DC52F4-F807-665C-78C8-29B3D98226D6">
<hideElementsInCurrentOnly>false</hideElementsInCurrentOnly>
<backgroundColor>-16777216</backgroundColor>
<lineWidth>1</lineWidth>
<points>
<point x="409" y="281"/>
<point x="486" y="281"/>
</points>
</Connector>
<Connector class="oracle.dbtools.crest.swingui.logical.TVRelation" oid="369B825C-2D0A-4C45-6940-4E0687A1C7D1" otype="Relation" vid_source="7ABA7D58-5D57-F748-B1D7-D4BA8972CCB7" vid_target="0DF736EF-BB44-E747-0ECE-F19499D690E5">
<hideElementsInCurrentOnly>false</hideElementsInCurrentOnly>
<backgroundColor>-16777216</backgroundColor>
<lineWidth>1</lineWidth>
<points>
<point x="285" y="204"/>
<point x="220" y="160"/>
</points>
</Connector>
<Connector class="oracle.dbtools.crest.swingui.logical.TVRelation" oid="58D2D697-EFA7-4F10-6D72-8FF27BA05EF3" otype="Relation" vid_source="29A7BD03-EB39-E336-CCDA-68675EC5843A" vid_target="2DA9F000-58AA-13B8-C3DD-2BAC1379E5FA">
<hideElementsInCurrentOnly>false</hideElementsInCurrentOnly>
<backgroundColor>-16777216</backgroundColor>
<lineWidth>1</lineWidth>
<points>
<point x="408" y="393"/>
<point x="698" y="393"/>
</points>
</Connector>
<Connector class="oracle.dbtools.crest.swingui.logical.TVRelation" oid="5A7AA1A7-5FAB-BFBE-5139-4F6005CCF3AB" otype="Relation" vid_source="51C45E6A-7EA2-5EA0-FE43-F9FB3CDF899B" vid_target="899D4DFA-66A2-A0B5-90A9-2168C17B77C3">
<hideElementsInCurrentOnly>false</hideElementsInCurrentOnly>
<backgroundColor>-16777216</backgroundColor>
<lineWidth>1</lineWidth>
<points>
<point x="695" y="179"/>
<point x="625" y="179"/>
</points>
</Connector>
<Connector class="oracle.dbtools.crest.swingui.logical.TVRelation" oid="727F4C88-628A-6750-6A35-5AF187F4A12A" otype="Relation" vid_source="51C45E6A-7EA2-5EA0-FE43-F9FB3CDF899B" vid_target="2DA9F000-58AA-13B8-C3DD-2BAC1379E5FA">
<hideElementsInCurrentOnly>false</hideElementsInCurrentOnly>
<backgroundColor>-16777216</backgroundColor>
<lineWidth>1</lineWidth>
<points>
<point x="755" y="252"/>
<point x="755" y="344"/>
</points>
</Connector>
<Connector class="oracle.dbtools.crest.swingui.logical.TVRelation" oid="B94C4344-FC58-1E0E-31C2-2FC096AEDFA4" otype="Relation" vid_source="7ABA7D58-5D57-F748-B1D7-D4BA8972CCB7" vid_target="E53723B1-E130-3418-A05B-545B1BCA6F5E">
<hideElementsInCurrentOnly>false</hideElementsInCurrentOnly>
<backgroundColor>-16777216</backgroundColor>
<lineWidth>1</lineWidth>
<points>
<point x="285" y="259"/>
<point x="222" y="259"/>
</points>
</Connector>
<Connector class="oracle.dbtools.crest.swingui.logical.TVRelation" oid="BE4A136D-FD39-C781-AAD6-48B690EC0786" otype="Relation" vid_source="77DC52F4-F807-665C-78C8-29B3D98226D6" vid_target="51C45E6A-7EA2-5EA0-FE43-F9FB3CDF899B">
<hideElementsInCurrentOnly>false</hideElementsInCurrentOnly>
<backgroundColor>-16777216</backgroundColor>
<lineWidth>1</lineWidth>
<points>
<point x="600" y="258"/>
<point x="695" y="211"/>
</points>
</Connector>
<Connector class="oracle.dbtools.crest.swingui.logical.TVRelation" oid="C9008470-0380-4572-51D2-7087FC1B7815" otype="Relation" vid_source="7ABA7D58-5D57-F748-B1D7-D4BA8972CCB7" vid_target="4E22E777-1FCD-7953-8AC1-D4F5139ECDDA">
<hideElementsInCurrentOnly>false</hideElementsInCurrentOnly>
<backgroundColor>-16777216</backgroundColor>
<lineWidth>1</lineWidth>
<points>
<point x="285" y="287"/>
<point x="225" y="325"/>
</points>
</Connector>
<Connector class="oracle.dbtools.crest.swingui.logical.TVRelation" oid="D4A016A7-EF0F-9F43-77EE-0D25681CE2AF" otype="Relation" vid_source="51C45E6A-7EA2-5EA0-FE43-F9FB3CDF899B" vid_target="A13D140E-7435-3374-F9C1-4A0767901C03">
<hideElementsInCurrentOnly>false</hideElementsInCurrentOnly>
<backgroundColor>-16777216</backgroundColor>
<lineWidth>1</lineWidth>
<points>
<point x="813" y="221"/>
<point x="921" y="221"/>
</points>
</Connector>
<Connector class="oracle.dbtools.crest.swingui.logical.TVRelation" oid="D82A4C8C-D54D-2087-DEE5-40F39AA37EAC" otype="Relation" vid_source="7ABA7D58-5D57-F748-B1D7-D4BA8972CCB7" vid_target="899D4DFA-66A2-A0B5-90A9-2168C17B77C3">
<hideElementsInCurrentOnly>false</hideElementsInCurrentOnly>
<backgroundColor>-16777216</backgroundColor>
<lineWidth>1</lineWidth>
<points>
<point x="409" y="208"/>
<point x="485" y="208"/>
</points>
</Connector>
</connectors>
</Diagram>