<?xml version = '1.0' encoding = 'UTF-8'?>
<Relation class="oracle.dbtools.crest.model.design.logical.Relation" name="fk_metrica_recurso" directorySegmentName="seg_0" id="0D9147B7-BF77-2738-CB33-BB9EEA6E7907">
<createdBy>Alumno</createdBy>
<createdTime>2025-10-29 16:06:11 UTC</createdTime>
<generatorID>552FB460-2867-4601-74D6-6373142C92FE</generatorID>
<ownerDesignName>diagramasDeBaseDeDatos</ownerDesignName>
<engineerTo>
<item key="E45ED7D8-6199-63E0-9CB1-EA47A0BC6243" value="true"/>
</engineerTo>
<sourcePk>177FB406-7839-D616-116A-E1C7D0B3F956</sourcePk>
<identifying>false</identifying>
<optionalSource>true</optionalSource>
<optionalTarget>false</optionalTarget>
<sourceCardinality>1</sourceCardinality>
<sourceEntity>ACCE7699-4AC1-E318-696B-D7B470FE400D</sourceEntity>
<targetCardinalityString>*</targetCardinalityString>
<targetEntity>292851D1-4628-DF4F-2EDE-D71BC1FA83E9</targetEntity>
<transferable>true</transferable>
<deleteRule>NO ACTION</deleteRule>
</Relation>