<?xml version = '1.0' encoding = 'UTF-8'?>
<Relation class="oracle.dbtools.crest.model.design.logical.Relation" name="fk_version_recurso" directorySegmentName="seg_0" id="1B10068E-EAD9-0415-72AA-9F1DB35FF19E">
<createdBy>Alumno</createdBy>
<createdTime>2025-10-29 16:06:11 UTC</createdTime>
<generatorID>EB26F503-B6D3-0863-DDAC-6F99992F07E8</generatorID>
<ownerDesignName>diagramasDeBaseDeDatos</ownerDesignName>
<engineerTo>
<item key="E45ED7D8-6199-63E0-9CB1-EA47A0BC6243" value="true"/>
</engineerTo>
<sourcePk>177FB406-7839-D616-116A-E1C7D0B3F956</sourcePk>
<identifying>false</identifying>
<optionalSource>true</optionalSource>
<optionalTarget>false</optionalTarget>
<sourceCardinality>1</sourceCardinality>
<sourceEntity>ACCE7699-4AC1-E318-696B-D7B470FE400D</sourceEntity>
<targetCardinalityString>*</targetCardinalityString>
<targetEntity>ECAF7ED6-FF8A-1B64-7154-836BD809155A</targetEntity>
<transferable>true</transferable>
<deleteRule>NO ACTION</deleteRule>
</Relation>