<?xml version = '1.0' encoding = 'UTF-8'?>
<Relation class="oracle.dbtools.crest.model.design.logical.Relation" name="fk_docente_usuario" directorySegmentName="seg_0" id="35698282-C8FA-8659-CDC2-3CEEECD689AE">
<createdBy>Alumno</createdBy>
<createdTime>2025-10-29 16:06:11 UTC</createdTime>
<generatorID>1DE029BD-8094-2951-02F5-11F2FC87FBD1</generatorID>
<ownerDesignName>diagramasDeBaseDeDatos</ownerDesignName>
<engineerTo>
<item key="E45ED7D8-6199-63E0-9CB1-EA47A0BC6243" value="true"/>
</engineerTo>
<sourcePk>3B9ACF20-9C33-0154-74B0-0D241B307C72</sourcePk>
<identifying>false</identifying>
<optionalSource>true</optionalSource>
<optionalTarget>false</optionalTarget>
<sourceCardinality>1</sourceCardinality>
<sourceEntity>A6EF25D5-736C-2FD5-64E4-1FA230441822</sourceEntity>
<targetCardinalityString>*</targetCardinalityString>
<targetEntity>9819EB4E-3CBB-61CE-1F46-4E684BD00E07</targetEntity>
<transferable>true</transferable>
<deleteRule>NO ACTION</deleteRule>
</Relation>