<?xml version = '1.0' encoding = 'UTF-8'?>
<Relation class="oracle.dbtools.crest.model.design.logical.Relation" name="fk_coordinacion_usuario" directorySegmentName="seg_0" id="369B825C-2D0A-4C45-6940-4E0687A1C7D1">
<createdBy>Alumno</createdBy>
<createdTime>2025-10-29 16:06:11 UTC</createdTime>
<generatorID>E77EA29F-CF7C-C648-E0F8-EAF679311CA8</generatorID>
<ownerDesignName>diagramasDeBaseDeDatos</ownerDesignName>
<engineerTo>
<item key="E45ED7D8-6199-63E0-9CB1-EA47A0BC6243" value="true"/>
</engineerTo>
<sourcePk>3B9ACF20-9C33-0154-74B0-0D241B307C72</sourcePk>
<identifying>false</identifying>
<optionalSource>true</optionalSource>
<optionalTarget>false</optionalTarget>
<sourceCardinality>1</sourceCardinality>
<sourceEntity>A6EF25D5-736C-2FD5-64E4-1FA230441822</sourceEntity>
<targetCardinalityString>*</targetCardinalityString>
<targetEntity>59AC49CE-4727-C247-A305-7F3B8A919104</targetEntity>
<transferable>true</transferable>
<deleteRule>NO ACTION</deleteRule>
</Relation>