<?xml version = '1.0' encoding = 'UTF-8'?>
<Relation class="oracle.dbtools.crest.model.design.logical.Relation" name="fk_validacion_gestor" directorySegmentName="seg_0" id="58D2D697-EFA7-4F10-6D72-8FF27BA05EF3">
<createdBy>Alumno</createdBy>
<createdTime>2025-10-29 16:06:11 UTC</createdTime>
<generatorID>1032F6D5-CECA-BF17-34C5-7A59B4784286</generatorID>
<ownerDesignName>diagramasDeBaseDeDatos</ownerDesignName>
<engineerTo>
<item key="E45ED7D8-6199-63E0-9CB1-EA47A0BC6243" value="true"/>
</engineerTo>
<sourcePk>37EB6DF1-E47C-5A11-005A-E6C64288038E</sourcePk>
<identifying>false</identifying>
<optionalSource>true</optionalSource>
<optionalTarget>false</optionalTarget>
<sourceCardinality>1</sourceCardinality>
<sourceEntity>EA71A771-E7F5-7016-E3FE-95BADBEEC78D</sourceEntity>
<targetCardinalityString>*</targetCardinalityString>
<targetEntity>AB920F5C-870B-A552-3E02-A3451E6B12F2</targetEntity>
<transferable>true</transferable>
<deleteRule>NO ACTION</deleteRule>
</Relation>