<?xml version = '1.0' encoding = 'UTF-8'?>
<Relation class="oracle.dbtools.crest.model.design.logical.Relation" name="fk_notificacion_recurso" directorySegmentName="seg_0" id="5A7AA1A7-5FAB-BFBE-5139-4F6005CCF3AB">
<createdBy>Alumno</createdBy>
<createdTime>2025-10-29 16:06:11 UTC</createdTime>
<generatorID>A25386B4-A8DE-D4EB-C0F6-979A3E38345A</generatorID>
<ownerDesignName>diagramasDeBaseDeDatos</ownerDesignName>
<engineerTo>
<item key="E45ED7D8-6199-63E0-9CB1-EA47A0BC6243" value="true"/>
</engineerTo>
<sourcePk>177FB406-7839-D616-116A-E1C7D0B3F956</sourcePk>
<identifying>false</identifying>
<optionalSource>true</optionalSource>
<optionalTarget>true</optionalTarget>
<sourceCardinality>1</sourceCardinality>
<sourceEntity>ACCE7699-4AC1-E318-696B-D7B470FE400D</sourceEntity>
<targetCardinalityString>*</targetCardinalityString>
<targetEntity>C7259677-1477-4B79-165B-15DCE935F6AF</targetEntity>
<transferable>true</transferable>
<deleteRule>NO ACTION</deleteRule>
</Relation>