<?xml version = '1.0' encoding = 'UTF-8'?>
<Relation class="oracle.dbtools.crest.model.design.logical.Relation" name="fk_validacion_recurso" directorySegmentName="seg_0" id="727F4C88-628A-6750-6A35-5AF187F4A12A">
<createdBy>Alumno</createdBy>
<createdTime>2025-10-29 16:06:11 UTC</createdTime>
<generatorID>22681573-7A8D-AD45-C267-0ED26BDF8938</generatorID>
<ownerDesignName>diagramasDeBaseDeDatos</ownerDesignName>
<engineerTo>
<item key="E45ED7D8-6199-63E0-9CB1-EA47A0BC6243" value="true"/>
</engineerTo>
<sourcePk>177FB406-7839-D616-116A-E1C7D0B3F956</sourcePk>
<identifying>false</identifying>
<optionalSource>true</optionalSource>
<optionalTarget>false</optionalTarget>
<sourceCardinality>1</sourceCardinality>
<sourceEntity>ACCE7699-4AC1-E318-696B-D7B470FE400D</sourceEntity>
<targetCardinalityString>*</targetCardinalityString>
<targetEntity>AB920F5C-870B-A552-3E02-A3451E6B12F2</targetEntity>
<transferable>true</transferable>
<deleteRule>NO ACTION</deleteRule>
</Relation>