<?xml version = '1.0' encoding = 'UTF-8'?>
<Relation class="oracle.dbtools.crest.model.design.logical.Relation" name="fk_ti_usuario" directorySegmentName="seg_0" id="B94C4344-FC58-1E0E-31C2-2FC096AEDFA4">
<createdBy>Alumno</createdBy>
<createdTime>2025-10-29 16:06:11 UTC</createdTime>
<generatorID>5DB946AA-4744-BD3A-6282-84415F9605B4</generatorID>
<ownerDesignName>diagramasDeBaseDeDatos</ownerDesignName>
<engineerTo>
<item key="E45ED7D8-6199-63E0-9CB1-EA47A0BC6243" value="true"/>
</engineerTo>
<sourcePk>3B9ACF20-9C33-0154-74B0-0D241B307C72</sourcePk>
<identifying>false</identifying>
<optionalSource>true</optionalSource>
<optionalTarget>false</optionalTarget>
<sourceCardinality>1</sourceCardinality>
<sourceEntity>A6EF25D5-736C-2FD5-64E4-1FA230441822</sourceEntity>
<targetCardinalityString>*</targetCardinalityString>
<targetEntity>7066E2B4-F96B-5DB6-74C4-1B4178FB0C6F</targetEntity>
<transferable>true</transferable>
<deleteRule>NO ACTION</deleteRule>
</Relation>