<?xml version = '1.0' encoding = 'UTF-8'?>
<Relation class="oracle.dbtools.crest.model.design.logical.Relation" name="fk_recurso_docente" directorySegmentName="seg_0" id="BE4A136D-FD39-C781-AAD6-48B690EC0786">
<createdBy>Alumno</createdBy>
<createdTime>2025-10-29 16:06:11 UTC</createdTime>
<generatorID>B6BB56A1-7DED-9D79-6ADD-A60EC2AF8DD6</generatorID>
<ownerDesignName>diagramasDeBaseDeDatos</ownerDesignName>
<engineerTo>
<item key="E45ED7D8-6199-63E0-9CB1-EA47A0BC6243" value="true"/>
</engineerTo>
<sourcePk>1C1C7402-173A-7EA0-150E-420E5ED45E81</sourcePk>
<identifying>false</identifying>
<optionalSource>true</optionalSource>
<optionalTarget>false</optionalTarget>
<sourceCardinality>1</sourceCardinality>
<sourceEntity>9819EB4E-3CBB-61CE-1F46-4E684BD00E07</sourceEntity>
<targetCardinalityString>*</targetCardinalityString>
<targetEntity>ACCE7699-4AC1-E318-696B-D7B470FE400D</targetEntity>
<transferable>true</transferable>
<deleteRule>NO ACTION</deleteRule>
</Relation>