<?xml version = '1.0' encoding = 'UTF-8'?>
<Relation class="oracle.dbtools.crest.model.design.logical.Relation" name="fk_estudiante_usuario" directorySegmentName="seg_0" id="C9008470-0380-4572-51D2-7087FC1B7815">
<createdBy>Alumno</createdBy>
<createdTime>2025-10-29 16:06:11 UTC</createdTime>
<generatorID>498E7AD7-2317-45F9-8C92-2D0510955A86</generatorID>
<ownerDesignName>diagramasDeBaseDeDatos</ownerDesignName>
<engineerTo>
<item key="E45ED7D8-6199-63E0-9CB1-EA47A0BC6243" value="true"/>
</engineerTo>
<sourcePk>3B9ACF20-9C33-0154-74B0-0D241B307C72</sourcePk>
<identifying>false</identifying>
<optionalSource>true</optionalSource>
<optionalTarget>false</optionalTarget>
<sourceCardinality>1</sourceCardinality>
<sourceEntity>A6EF25D5-736C-2FD5-64E4-1FA230441822</sourceEntity>
<targetCardinalityString>*</targetCardinalityString>
<targetEntity>2EB299E5-1919-7C65-7817-07C921F32905</targetEntity>
<transferable>true</transferable>
<deleteRule>NO ACTION</deleteRule>
</Relation>