<?xml version = '1.0' encoding = 'UTF-8'?>
<Relation class="oracle.dbtools.crest.model.design.logical.Relation" name="fk_metadato_recurso" directorySegmentName="seg_0" id="D4A016A7-EF0F-9F43-77EE-0D25681CE2AF">
<createdBy>Alumno</createdBy>
<createdTime>2025-10-29 16:06:11 UTC</createdTime>
<generatorID>DF9E2031-860D-1C19-074E-3D11B8177612</generatorID>
<ownerDesignName>diagramasDeBaseDeDatos</ownerDesignName>
<engineerTo>
<item key="E45ED7D8-6199-63E0-9CB1-EA47A0BC6243" value="true"/>
</engineerTo>
<sourcePk>177FB406-7839-D616-116A-E1C7D0B3F956</sourcePk>
<identifying>false</identifying>
<optionalSource>true</optionalSource>
<optionalTarget>false</optionalTarget>
<sourceCardinality>1</sourceCardinality>
<sourceEntity>ACCE7699-4AC1-E318-696B-D7B470FE400D</sourceEntity>
<targetCardinalityString>*</targetCardinalityString>
<targetEntity>282950D5-E32F-8131-2C72-E6C6EB729036</targetEntity>
<transferable>true</transferable>
<deleteRule>NO ACTION</deleteRule>
</Relation>