<?xml version = '1.0' encoding = 'UTF-8'?>
<Relation class="oracle.dbtools.crest.model.design.logical.Relation" name="fk_notificacion_usuario" directorySegmentName="seg_0" id="D82A4C8C-D54D-2087-DEE5-40F39AA37EAC">
<createdBy>Alumno</createdBy>
<createdTime>2025-10-29 16:06:11 UTC</createdTime>
<generatorID>B39B227E-747E-2E8D-DB1A-DCF2761A4BA0</generatorID>
<ownerDesignName>diagramasDeBaseDeDatos</ownerDesignName>
<engineerTo>
<item key="E45ED7D8-6199-63E0-9CB1-EA47A0BC6243" value="true"/>
</engineerTo>
<sourcePk>3B9ACF20-9C33-0154-74B0-0D241B307C72</sourcePk>
<identifying>false</identifying>
<optionalSource>true</optionalSource>
<optionalTarget>false</optionalTarget>
<sourceCardinality>1</sourceCardinality>
<sourceEntity>A6EF25D5-736C-2FD5-64E4-1FA230441822</sourceEntity>
<targetCardinalityString>*</targetCardinalityString>
<targetEntity>C7259677-1477-4B79-165B-15DCE935F6AF</targetEntity>
<transferable>true</transferable>
<deleteRule>NO ACTION</deleteRule>
</Relation>