<?xml version = '1.0' encoding = 'UTF-8'?>
<Entity class="oracle.dbtools.crest.model.design.logical.Entity" directorySegmentName="seg_0" id="59AC49CE-4727-C247-A305-7F3B8A919104" name="Coordinacion">
<createdBy>Alumno</createdBy>
<createdTime>2025-10-29 16:06:11 UTC</createdTime>
<generatorID>F89E5AC2-6C89-8D76-E96A-A400318B0CA9</generatorID>
<ownerDesignName>diagramasDeBaseDeDatos</ownerDesignName>
<engineerTo>
<item key="E45ED7D8-6199-63E0-9CB1-EA47A0BC6243" value="true"/>
</engineerTo>
<adequatelyNormalized>NO</adequatelyNormalized>
<expectedVolumes>0</expectedVolumes>
<fwdEngineeringStrategyName>Single Table</fwdEngineeringStrategyName>
<growthPercent>0</growthPercent>
<growthType>Year</growthType>
<maxVolumes>9999999</maxVolumes>
<minVolumes>0</minVolumes>
<normalForm>Third</normalForm>
<attributes itemClass="oracle.dbtools.crest.model.design.logical.Attribute">
<Attribute name="id coordinacion" id="50F5D7F4-B947-F3DC-D1B9-A3ECFCB73D9D">
<createdBy>Alumno</createdBy>
<createdTime>2025-10-29 16:06:11 UTC</createdTime>
<generatorID>0CCB4938-2CA0-D166-FD07-FCEFB06D41C8</generatorID>
<ownerDesignName>diagramasDeBaseDeDatos</ownerDesignName>
<engineerTo>
<item key="E45ED7D8-6199-63E0-9CB1-EA47A0BC6243" value="true"/>
</engineerTo>
<use>0</use>
<logicalDatatype>LOGDT011</logicalDatatype>
<domain>BAB2136E-EEC7-3FA3-4639-7EEE718DCC4A</domain>
<ownDataTypeParameters>,,</ownDataTypeParameters>
</Attribute>
<Attribute name="id usuario" id="699E6A74-2554-DA31-4096-403F5B057FC8">
<createdBy>Alumno</createdBy>
<createdTime>2025-10-29 16:06:11 UTC</createdTime>
<generatorID>369B825C-2D0A-4C45-6940-4E0687A1C7D1</generatorID>
<ownerDesignName>diagramasDeBaseDeDatos</ownerDesignName>
<engineerTo>
<item key="E45ED7D8-6199-63E0-9CB1-EA47A0BC6243" value="true"/>
</engineerTo>
<referedAttribute>95B69956-103D-BA51-A4C3-AEF086F83C66</referedAttribute>
<use>0</use>
<logicalDatatype>LOGDT011</logicalDatatype>
<domain>BAB2136E-EEC7-3FA3-4639-7EEE718DCC4A</domain>
<ownDataTypeParameters>,,</ownDataTypeParameters>
</Attribute>
<Attribute name="cargo" id="61F9F97B-0109-3FC1-1D73-28D9ACAA7612">
<createdBy>Alumno</createdBy>
<createdTime>2025-10-29 16:06:11 UTC</createdTime>
<generatorID>F0644862-0A68-E2E8-A975-941EE5AAAA9E</generatorID>
<ownerDesignName>diagramasDeBaseDeDatos</ownerDesignName>
<engineerTo>
<item key="E45ED7D8-6199-63E0-9CB1-EA47A0BC6243" value="true"/>
</engineerTo>
<use>0</use>
<logicalDatatype>LOGDT024</logicalDatatype>
<domain>F2659090-4ABE-3177-7C8C-A49FFA93500E</domain>
<ownDataTypeParameters>,,</ownDataTypeParameters>
</Attribute>
</attributes>
<identifiers itemClass="oracle.dbtools.crest.model.design.logical.CandidateKey">
<identifier id="4B787217-166B-33AB-A910-640FD8AB9C5F" name="Coordinacion PK">
<createdBy>Alumno</createdBy>
<createdTime>2025-10-29 16:06:11 UTC</createdTime>
<generatorID>DC1DDE3A-D2E4-2086-E9C2-5D7F46786848</generatorID>
<ownerDesignName>diagramasDeBaseDeDatos</ownerDesignName>
<engineerTo>
<item key="E45ED7D8-6199-63E0-9CB1-EA47A0BC6243" value="true"/>
</engineerTo>
<pk>true</pk>
<usedAttributes>
<attributeRef>50F5D7F4-B947-F3DC-D1B9-A3ECFCB73D9D</attributeRef>
</usedAttributes>
</identifier>
</identifiers>
</Entity>