<?xml version = '1.0' encoding = 'UTF-8'?>
<Entity class="oracle.dbtools.crest.model.design.logical.Entity" directorySegmentName="seg_0" id="9819EB4E-3CBB-61CE-1F46-4E684BD00E07" name="Docente">
<createdBy>Alumno</createdBy>
<createdTime>2025-10-29 16:06:11 UTC</createdTime>
<generatorID>5D2EB3D1-63B3-9C26-DFAA-49A005E58606</generatorID>
<ownerDesignName>diagramasDeBaseDeDatos</ownerDesignName>
<engineerTo>
<item key="E45ED7D8-6199-63E0-9CB1-EA47A0BC6243" value="true"/>
</engineerTo>
<adequatelyNormalized>NO</adequatelyNormalized>
<expectedVolumes>0</expectedVolumes>
<fwdEngineeringStrategyName>Single Table</fwdEngineeringStrategyName>
<growthPercent>0</growthPercent>
<growthType>Year</growthType>
<maxVolumes>9999999</maxVolumes>
<minVolumes>0</minVolumes>
<normalForm>Third</normalForm>
<attributes itemClass="oracle.dbtools.crest.model.design.logical.Attribute">
<Attribute name="id docente" id="33E4960A-B6D1-09CC-E488-931CF9C2222B">
<createdBy>Alumno</createdBy>
<createdTime>2025-10-29 16:06:11 UTC</createdTime>
<generatorID>06AC2601-9045-C03C-2A0D-4C591CA8B212</generatorID>
<ownerDesignName>diagramasDeBaseDeDatos</ownerDesignName>
<engineerTo>
<item key="E45ED7D8-6199-63E0-9CB1-EA47A0BC6243" value="true"/>
</engineerTo>
<use>0</use>
<logicalDatatype>LOGDT011</logicalDatatype>
<domain>BAB2136E-EEC7-3FA3-4639-7EEE718DCC4A</domain>
<ownDataTypeParameters>,,</ownDataTypeParameters>
</Attribute>
<Attribute name="id usuario" id="1A6A02A0-CEEE-4D9A-6D13-9DA05288F459">
<createdBy>Alumno</createdBy>
<createdTime>2025-10-29 16:06:11 UTC</createdTime>
<generatorID>35698282-C8FA-8659-CDC2-3CEEECD689AE</generatorID>
<ownerDesignName>diagramasDeBaseDeDatos</ownerDesignName>
<engineerTo>
<item key="E45ED7D8-6199-63E0-9CB1-EA47A0BC6243" value="true"/>
</engineerTo>
<referedAttribute>95B69956-103D-BA51-A4C3-AEF086F83C66</referedAttribute>
<use>0</use>
<logicalDatatype>LOGDT011</logicalDatatype>
<domain>BAB2136E-EEC7-3FA3-4639-7EEE718DCC4A</domain>
<ownDataTypeParameters>,,</ownDataTypeParameters>
</Attribute>
<Attribute name="departamento" id="B465FF5C-EB21-6D6A-FE2D-D4BD9C062FBE">
<createdBy>Alumno</createdBy>
<createdTime>2025-10-29 16:06:11 UTC</createdTime>
<generatorID>AB5D056F-01E2-DED0-0B1E-BE8153C28F44</generatorID>
<ownerDesignName>diagramasDeBaseDeDatos</ownerDesignName>
<engineerTo>
<item key="E45ED7D8-6199-63E0-9CB1-EA47A0BC6243" value="true"/>
</engineerTo>
<nullsAllowed>true</nullsAllowed>
<use>0</use>
<logicalDatatype>LOGDT024</logicalDatatype>
<domain>06525307-2A56-C2AC-CB0F-854EAED06C82</domain>
<ownDataTypeParameters>,,</ownDataTypeParameters>
</Attribute>
</attributes>
<identifiers itemClass="oracle.dbtools.crest.model.design.logical.CandidateKey">
<identifier id="1C1C7402-173A-7EA0-150E-420E5ED45E81" name="Docente PK">
<createdBy>Alumno</createdBy>
<createdTime>2025-10-29 16:06:11 UTC</createdTime>
<generatorID>41D52B64-F4D6-4747-1C98-0CE4E4A95F94</generatorID>
<ownerDesignName>diagramasDeBaseDeDatos</ownerDesignName>
<engineerTo>
<item key="E45ED7D8-6199-63E0-9CB1-EA47A0BC6243" value="true"/>
</engineerTo>
<pk>true</pk>
<usedAttributes>
<attributeRef>33E4960A-B6D1-09CC-E488-931CF9C2222B</attributeRef>
</usedAttributes>
</identifier>
</identifiers>
</Entity>