<?xml version = '1.0' encoding = 'UTF-8'?>
<Entity class="oracle.dbtools.crest.model.design.logical.Entity" directorySegmentName="seg_0" id="A6EF25D5-736C-2FD5-64E4-1FA230441822" name="Usuario">
<createdBy>Alumno</createdBy>
<createdTime>2025-10-29 16:06:11 UTC</createdTime>
<generatorID>55C06898-C3C0-ED0F-2901-77B4C34090A4</generatorID>
<ownerDesignName>diagramasDeBaseDeDatos</ownerDesignName>
<engineerTo>
<item key="E45ED7D8-6199-63E0-9CB1-EA47A0BC6243" value="true"/>
</engineerTo>
<adequatelyNormalized>NO</adequatelyNormalized>
<expectedVolumes>0</expectedVolumes>
<fwdEngineeringStrategyName>Single Table</fwdEngineeringStrategyName>
<growthPercent>0</growthPercent>
<growthType>Year</growthType>
<maxVolumes>9999999</maxVolumes>
<minVolumes>0</minVolumes>
<normalForm>Third</normalForm>
<attributes itemClass="oracle.dbtools.crest.model.design.logical.Attribute">
<Attribute name="id usuario" id="95B69956-103D-BA51-A4C3-AEF086F83C66">
<createdBy>Alumno</createdBy>
<createdTime>2025-10-29 16:06:11 UTC</createdTime>
<generatorID>FF7FC7D5-645F-FF52-CEDA-80E49A3CEED0</generatorID>
<ownerDesignName>diagramasDeBaseDeDatos</ownerDesignName>
<engineerTo>
<item key="E45ED7D8-6199-63E0-9CB1-EA47A0BC6243" value="true"/>
</engineerTo>
<use>0</use>
<logicalDatatype>LOGDT011</logicalDatatype>
<domain>BAB2136E-EEC7-3FA3-4639-7EEE718DCC4A</domain>
<ownDataTypeParameters>,,</ownDataTypeParameters>
</Attribute>
<Attribute name="nombre" id="4C0152DC-A74A-161C-4A2C-8B72B21EFC28">
<createdBy>Alumno</createdBy>
<createdTime>2025-10-29 16:06:11 UTC</createdTime>
<generatorID>DBC1ECA8-42FD-8D9C-7FC2-834A85B14ABD</generatorID>
<ownerDesignName>diagramasDeBaseDeDatos</ownerDesignName>
<engineerTo>
<item key="E45ED7D8-6199-63E0-9CB1-EA47A0BC6243" value="true"/>
</engineerTo>
<use>0</use>
<logicalDatatype>LOGDT024</logicalDatatype>
<domain>0EB21FE6-4DAF-BC6B-AD75-DAD3578D03BC</domain>
<ownDataTypeParameters>,,</ownDataTypeParameters>
</Attribute>
<Attribute name="correo" id="5AAC4C93-A4F7-53CB-E722-B9440FA6E015">
<createdBy>Alumno</createdBy>
<createdTime>2025-10-29 16:06:11 UTC</createdTime>
<generatorID>A0048EB7-08C9-790F-D80D-7452832486A9</generatorID>
<ownerDesignName>diagramasDeBaseDeDatos</ownerDesignName>
<engineerTo>
<item key="E45ED7D8-6199-63E0-9CB1-EA47A0BC6243" value="true"/>
</engineerTo>
<nullsAllowed>true</nullsAllowed>
<useDomainConstraints>false</useDomainConstraints>
<use>0</use>
<logicalDatatype>LOGDT024</logicalDatatype>
<domain>DB83609A-AEC5-4BDD-4A7F-DAB05ABBA5C5</domain>
<checkConstraint>
<implementationDef dbType="Oracle Database 12c" definition="correo LIKE &apos;%@univalle.edu&apos;"/>
</checkConstraint>
<ownDataTypeParameters>,,</ownDataTypeParameters>
</Attribute>
<Attribute name="contraseÃ±a" id="AF828728-7365-5F9A-AE2E-59434E2A2AFF">
<createdBy>Alumno</createdBy>
<createdTime>2025-10-29 16:06:11 UTC</createdTime>
<generatorID>0AD2C7A1-E810-3A2A-37CD-BEF8B97BEBD5</generatorID>
<ownerDesignName>diagramasDeBaseDeDatos</ownerDesignName>
<engineerTo>
<item key="E45ED7D8-6199-63E0-9CB1-EA47A0BC6243" value="true"/>
</engineerTo>
<useDomainConstraints>false</useDomainConstraints>
<use>0</use>
<logicalDatatype>LOGDT024</logicalDatatype>
<domain>0EB21FE6-4DAF-BC6B-AD75-DAD3578D03BC</domain>
<checkConstraint>
<implementationDef dbType="Oracle Database 12c" definition="LENGTH(contraseÃ±a) &gt;= 8"/>
</checkConstraint>
<ownDataTypeParameters>,,</ownDataTypeParameters>
</Attribute>
<Attribute name="rol" id="EBF98C3E-00A3-5224-C80C-2D04074BE9B6">
<createdBy>Alumno</createdBy>
<createdTime>2025-10-29 16:06:11 UTC</createdTime>
<generatorID>148FF7C5-6965-D16D-E0C4-32E9FA28B49F</generatorID>
<ownerDesignName>diagramasDeBaseDeDatos</ownerDesignName>
<engineerTo>
<item key="E45ED7D8-6199-63E0-9CB1-EA47A0BC6243" value="true"/>
</engineerTo>
<use>0</use>
<logicalDatatype>LOGDT024</logicalDatatype>
<domain>DB83609A-AEC5-4BDD-4A7F-DAB05ABBA5C5</domain>
<ownDataTypeParameters>,,</ownDataTypeParameters>
</Attribute>
<Attribute name="activo" id="1ACE1DF0-C04C-3FB8-0701-0FDE53BE9E2B">
<createdBy>Alumno</createdBy>
<createdTime>2025-10-29 16:06:11 UTC</createdTime>
<generatorID>6F10B77A-483D-C90C-6448-94D6A732B738</generatorID>
<ownerDesignName>diagramasDeBaseDeDatos</ownerDesignName>
<engineerTo>
<item key="E45ED7D8-6199-63E0-9CB1-EA47A0BC6243" value="true"/>
</engineerTo>
<nullsAllowed>true</nullsAllowed>
<useDomainConstraints>false</useDomainConstraints>
<use>0</use>
<logicalDatatype>LOGDT019</logicalDatatype>
<domain>0136C194-F35D-B263-FC1B-D55A22229765</domain>
<listOfValues>
<valueDef value="0" description=""/>
<valueDef value="1" description=""/>
</listOfValues>
<defaultValue>1</defaultValue>
<ownDataTypeParameters>,,</ownDataTypeParameters>
</Attribute>
</attributes>
<identifiers itemClass="oracle.dbtools.crest.model.design.logical.CandidateKey">
<identifier id="3B9ACF20-9C33-0154-74B0-0D241B307C72" name="Usuario PK">
<createdBy>Alumno</createdBy>
<createdTime>2025-10-29 16:06:11 UTC</createdTime>
<generatorID>AC2F40F6-0C9D-04C1-51CC-1D7117A82758</generatorID>
<ownerDesignName>diagramasDeBaseDeDatos</ownerDesignName>
<engineerTo>
<item key="E45ED7D8-6199-63E0-9CB1-EA47A0BC6243" value="true"/>
</engineerTo>
<pk>true</pk>
<usedAttributes>
<attributeRef>95B69956-103D-BA51-A4C3-AEF086F83C66</attributeRef>
</usedAttributes>
</identifier>
<identifier id="F23E5FF3-8D9D-842D-1392-AF04F585E02F" name="INDEX 1">
<createdBy>Alumno</createdBy>
<createdTime>2025-10-29 16:06:11 UTC</createdTime>
<generatorID>3D7B783F-7D5E-E5C7-64C1-ABAA1AF68F33</generatorID>
<ownerDesignName>diagramasDeBaseDeDatos</ownerDesignName>
<engineerTo>
<item key="E45ED7D8-6199-63E0-9CB1-EA47A0BC6243" value="true"/>
</engineerTo>
<usedAttributes>
<attributeRef>5AAC4C93-A4F7-53CB-E722-B9440FA6E015</attributeRef>
</usedAttributes>
</identifier>
</identifiers>
</Entity>