<?xml version = '1.0' encoding = 'UTF-8'?>
<FKIndexAssociation class="oracle.dbtools.crest.model.design.relational.FKIndexAssociation" directorySegmentName="seg_0" id="1032F6D5-CECA-BF17-34C5-7A59B4784286" containerWithKeyObject="80468C74-8776-022B-C134-67B342F110AB" localFKIndex="23F8E68D-2C48-6B4D-D602-FF5170DB77CA" name="fk_validacion_gestor">
<sourceDDLFile>base.sql</sourceDDLFile>
<createdBy>Alumno</createdBy>
<createdTime>2025-10-29 16:00:47 UTC</createdTime>
<ownerDesignName>diagramasDeBaseDeDatos</ownerDesignName>
<importedID>7226679B-BD59-9412-0E27-5E6925B78FCF</importedID>
<referredTableLongName>Gestor</referredTableLongName>
<deleteRule>NO ACTION</deleteRule>
<referredTableID>CF861276-4C84-C442-4F2D-186144101D50</referredTableID>
<keyObject>6812DF8B-54F8-D869-ABE6-596B55BB33BA</keyObject>
<referredKeyID>6812DF8B-54F8-D869-ABE6-596B55BB33BA</referredKeyID>
<mandatory>true</mandatory>
<refColNames>id_gestor</refColNames>
<transferable>true</transferable>
<rely>false</rely>
<columnDependencyConstraintGenerateInDDL>true</columnDependencyConstraintGenerateInDDL>
</FKIndexAssociation>