<?xml version = '1.0' encoding = 'UTF-8'?>
<FKIndexAssociation class="oracle.dbtools.crest.model.design.relational.FKIndexAssociation" directorySegmentName="seg_0" id="1DE029BD-8094-2951-02F5-11F2FC87FBD1" containerWithKeyObject="5D2EB3D1-63B3-9C26-DFAA-49A005E58606" localFKIndex="1B281B47-A5B7-A1D6-F343-F1305D9783C0" name="fk_docente_usuario">
<sourceDDLFile>base.sql</sourceDDLFile>
<createdBy>Alumno</createdBy>
<createdTime>2025-10-29 16:00:47 UTC</createdTime>
<ownerDesignName>diagramasDeBaseDeDatos</ownerDesignName>
<importedID>75100BEB-4762-7D6D-D04E-FE7598E5EB91</importedID>
<referredTableLongName>Usuario</referredTableLongName>
<deleteRule>NO ACTION</deleteRule>
<referredTableID>55C06898-C3C0-ED0F-2901-77B4C34090A4</referredTableID>
<keyObject>AC2F40F6-0C9D-04C1-51CC-1D7117A82758</keyObject>
<referredKeyID>AC2F40F6-0C9D-04C1-51CC-1D7117A82758</referredKeyID>
<mandatory>true</mandatory>
<refColNames>id_usuario</refColNames>
<transferable>true</transferable>
<rely>false</rely>
<columnDependencyConstraintGenerateInDDL>true</columnDependencyConstraintGenerateInDDL>
</FKIndexAssociation>