<?xml version = '1.0' encoding = 'UTF-8'?>
<FKIndexAssociation class="oracle.dbtools.crest.model.design.relational.FKIndexAssociation" directorySegmentName="seg_0" id="22681573-7A8D-AD45-C267-0ED26BDF8938" containerWithKeyObject="80468C74-8776-022B-C134-67B342F110AB" localFKIndex="FBD79FA1-A172-9D48-F89B-5BBC93379015" name="fk_validacion_recurso">
<sourceDDLFile>base.sql</sourceDDLFile>
<createdBy>Alumno</createdBy>
<createdTime>2025-10-29 16:00:47 UTC</createdTime>
<ownerDesignName>diagramasDeBaseDeDatos</ownerDesignName>
<importedID>C31AA351-6292-68FB-5BB2-10956E4F9A82</importedID>
<referredTableLongName>Recurso</referredTableLongName>
<deleteRule>NO ACTION</deleteRule>
<referredTableID>A69B5AA6-6B3D-79F4-8A30-FDD8E06AFDBC</referredTableID>
<keyObject>CAF14729-AEFD-2DF5-4EE9-AD9F823E3231</keyObject>
<referredKeyID>CAF14729-AEFD-2DF5-4EE9-AD9F823E3231</referredKeyID>
<mandatory>true</mandatory>
<refColNames>id_recurso</refColNames>
<transferable>true</transferable>
<rely>false</rely>
<columnDependencyConstraintGenerateInDDL>true</columnDependencyConstraintGenerateInDDL>
</FKIndexAssociation>