<?xml version = '1.0' encoding = 'UTF-8'?>
<FKIndexAssociation class="oracle.dbtools.crest.model.design.relational.FKIndexAssociation" directorySegmentName="seg_0" id="443F3A75-7C84-4213-D1AE-8C2CBCB42C1E" containerWithKeyObject="CF861276-4C84-C442-4F2D-186144101D50" localFKIndex="9D57A534-DCCF-B86C-A067-5BF534F70CAD" name="fk_gestor_usuario">
<sourceDDLFile>base.sql</sourceDDLFile>
<createdBy>Alumno</createdBy>
<createdTime>2025-10-29 16:00:47 UTC</createdTime>
<ownerDesignName>diagramasDeBaseDeDatos</ownerDesignName>
<importedID>ABE23FC8-020C-8FBC-82D8-C9F00BE7A8BE</importedID>
<referredTableLongName>Usuario</referredTableLongName>
<deleteRule>NO ACTION</deleteRule>
<referredTableID>55C06898-C3C0-ED0F-2901-77B4C34090A4</referredTableID>
<keyObject>AC2F40F6-0C9D-04C1-51CC-1D7117A82758</keyObject>
<referredKeyID>AC2F40F6-0C9D-04C1-51CC-1D7117A82758</referredKeyID>
<mandatory>true</mandatory>
<refColNames>id_usuario</refColNames>
<transferable>true</transferable>
<rely>false</rely>
<columnDependencyConstraintGenerateInDDL>true</columnDependencyConstraintGenerateInDDL>
</FKIndexAssociation>