<?xml version = '1.0' encoding = 'UTF-8'?>
<FKIndexAssociation class="oracle.dbtools.crest.model.design.relational.FKIndexAssociation" directorySegmentName="seg_0" id="498E7AD7-2317-45F9-8C92-2D0510955A86" containerWithKeyObject="8FA82216-0A59-E851-036F-B74739217231" localFKIndex="30FE4DDD-FAFE-B0AD-B188-ADAB3CC874E9" name="fk_estudiante_usuario">
<sourceDDLFile>base.sql</sourceDDLFile>
<createdBy>Alumno</createdBy>
<createdTime>2025-10-29 16:00:47 UTC</createdTime>
<ownerDesignName>diagramasDeBaseDeDatos</ownerDesignName>
<importedID>4DB5501C-6C71-0A3B-373F-B0D99BBE8EDF</importedID>
<referredTableLongName>Usuario</referredTableLongName>
<deleteRule>NO ACTION</deleteRule>
<referredTableID>55C06898-C3C0-ED0F-2901-77B4C34090A4</referredTableID>
<keyObject>AC2F40F6-0C9D-04C1-51CC-1D7117A82758</keyObject>
<referredKeyID>AC2F40F6-0C9D-04C1-51CC-1D7117A82758</referredKeyID>
<mandatory>true</mandatory>
<refColNames>id_usuario</refColNames>
<transferable>true</transferable>
<rely>false</rely>
<columnDependencyConstraintGenerateInDDL>true</columnDependencyConstraintGenerateInDDL>
</FKIndexAssociation>