<?xml version = '1.0' encoding = 'UTF-8'?>
<FKIndexAssociation class="oracle.dbtools.crest.model.design.relational.FKIndexAssociation" directorySegmentName="seg_0" id="552FB460-2867-4601-74D6-6373142C92FE" containerWithKeyObject="7F798521-5FF9-4624-C539-514EBD389CDD" localFKIndex="1423876E-16D5-61CE-1330-BB535AEC5A06" name="fk_metrica_recurso">
<sourceDDLFile>base.sql</sourceDDLFile>
<createdBy>Alumno</createdBy>
<createdTime>2025-10-29 16:00:47 UTC</createdTime>
<ownerDesignName>diagramasDeBaseDeDatos</ownerDesignName>
<importedID>B1FD13B4-A0C5-F9E1-E544-668E7B6AEF69</importedID>
<referredTableLongName>Recurso</referredTableLongName>
<deleteRule>NO ACTION</deleteRule>
<referredTableID>A69B5AA6-6B3D-79F4-8A30-FDD8E06AFDBC</referredTableID>
<keyObject>CAF14729-AEFD-2DF5-4EE9-AD9F823E3231</keyObject>
<referredKeyID>CAF14729-AEFD-2DF5-4EE9-AD9F823E3231</referredKeyID>
<mandatory>true</mandatory>
<refColNames>id_recurso</refColNames>
<transferable>true</transferable>
<rely>false</rely>
<columnDependencyConstraintGenerateInDDL>true</columnDependencyConstraintGenerateInDDL>
</FKIndexAssociation>