<?xml version = '1.0' encoding = 'UTF-8'?>
<FKIndexAssociation class="oracle.dbtools.crest.model.design.relational.FKIndexAssociation" directorySegmentName="seg_0" id="A25386B4-A8DE-D4EB-C0F6-979A3E38345A" containerWithKeyObject="3832B87F-E94A-69C9-F234-25D956305AEF" localFKIndex="0D7EEA43-A195-0136-D58C-FF247B939F38" name="fk_notificacion_recurso">
<sourceDDLFile>base.sql</sourceDDLFile>
<createdBy>Alumno</createdBy>
<createdTime>2025-10-29 16:00:47 UTC</createdTime>
<ownerDesignName>diagramasDeBaseDeDatos</ownerDesignName>
<importedID>7BA77438-5325-FDFD-10EA-61649061B08E</importedID>
<referredTableLongName>Recurso</referredTableLongName>
<deleteRule>NO ACTION</deleteRule>
<referredTableID>A69B5AA6-6B3D-79F4-8A30-FDD8E06AFDBC</referredTableID>
<keyObject>CAF14729-AEFD-2DF5-4EE9-AD9F823E3231</keyObject>
<referredKeyID>CAF14729-AEFD-2DF5-4EE9-AD9F823E3231</referredKeyID>
<mandatory>false</mandatory>
<refColNames>id_recurso</refColNames>
<transferable>true</transferable>
<rely>false</rely>
<columnDependencyConstraintGenerateInDDL>true</columnDependencyConstraintGenerateInDDL>
</FKIndexAssociation>