<?xml version = '1.0' encoding = 'UTF-8'?>
<FKIndexAssociation class="oracle.dbtools.crest.model.design.relational.FKIndexAssociation" directorySegmentName="seg_0" id="B39B227E-747E-2E8D-DB1A-DCF2761A4BA0" containerWithKeyObject="3832B87F-E94A-69C9-F234-25D956305AEF" localFKIndex="5C01246C-A3FD-C844-1589-2DE7ACA81565" name="fk_notificacion_usuario">
<sourceDDLFile>base.sql</sourceDDLFile>
<createdBy>Alumno</createdBy>
<createdTime>2025-10-29 16:00:47 UTC</createdTime>
<ownerDesignName>diagramasDeBaseDeDatos</ownerDesignName>
<importedID>DBEBE277-1D78-A7FE-874B-FCD0AF2BA6E9</importedID>
<referredTableLongName>Usuario</referredTableLongName>
<deleteRule>NO ACTION</deleteRule>
<referredTableID>55C06898-C3C0-ED0F-2901-77B4C34090A4</referredTableID>
<keyObject>AC2F40F6-0C9D-04C1-51CC-1D7117A82758</keyObject>
<referredKeyID>AC2F40F6-0C9D-04C1-51CC-1D7117A82758</referredKeyID>
<mandatory>true</mandatory>
<refColNames>id_usuario</refColNames>
<transferable>true</transferable>
<rely>false</rely>
<columnDependencyConstraintGenerateInDDL>true</columnDependencyConstraintGenerateInDDL>
</FKIndexAssociation>