<?xml version = '1.0' encoding = 'UTF-8'?>
<FKIndexAssociation class="oracle.dbtools.crest.model.design.relational.FKIndexAssociation" directorySegmentName="seg_0" id="B6BB56A1-7DED-9D79-6ADD-A60EC2AF8DD6" containerWithKeyObject="A69B5AA6-6B3D-79F4-8A30-FDD8E06AFDBC" localFKIndex="706FCD63-846C-26B6-DF85-BD70F695DD7B" name="fk_recurso_docente">
<sourceDDLFile>base.sql</sourceDDLFile>
<createdBy>Alumno</createdBy>
<createdTime>2025-10-29 16:00:47 UTC</createdTime>
<ownerDesignName>diagramasDeBaseDeDatos</ownerDesignName>
<importedID>D664B981-196D-7F74-BF35-A30352CC7E26</importedID>
<referredTableLongName>Docente</referredTableLongName>
<deleteRule>NO ACTION</deleteRule>
<referredTableID>5D2EB3D1-63B3-9C26-DFAA-49A005E58606</referredTableID>
<keyObject>41D52B64-F4D6-4747-1C98-0CE4E4A95F94</keyObject>
<referredKeyID>41D52B64-F4D6-4747-1C98-0CE4E4A95F94</referredKeyID>
<mandatory>true</mandatory>
<refColNames>id_docente</refColNames>
<transferable>true</transferable>
<rely>false</rely>
<columnDependencyConstraintGenerateInDDL>true</columnDependencyConstraintGenerateInDDL>
</FKIndexAssociation>