<?xml version = '1.0' encoding = 'UTF-8'?>
<FKIndexAssociation class="oracle.dbtools.crest.model.design.relational.FKIndexAssociation" directorySegmentName="seg_0" id="DF9E2031-860D-1C19-074E-3D11B8177612" containerWithKeyObject="D8246543-E0C9-852E-5AF0-91C8713B4FE9" localFKIndex="3BD80654-715A-311B-4698-70AB6059E277" name="fk_metadato_recurso">
<sourceDDLFile>base.sql</sourceDDLFile>
<createdBy>Alumno</createdBy>
<createdTime>2025-10-29 16:00:47 UTC</createdTime>
<ownerDesignName>diagramasDeBaseDeDatos</ownerDesignName>
<importedID>525C58A0-0282-9210-1187-3294B25EBD1A</importedID>
<referredTableLongName>Recurso</referredTableLongName>
<deleteRule>NO ACTION</deleteRule>
<referredTableID>A69B5AA6-6B3D-79F4-8A30-FDD8E06AFDBC</referredTableID>
<keyObject>CAF14729-AEFD-2DF5-4EE9-AD9F823E3231</keyObject>
<referredKeyID>CAF14729-AEFD-2DF5-4EE9-AD9F823E3231</referredKeyID>
<mandatory>true</mandatory>
<refColNames>id_recurso</refColNames>
<transferable>true</transferable>
<rely>false</rely>
<columnDependencyConstraintGenerateInDDL>true</columnDependencyConstraintGenerateInDDL>
</FKIndexAssociation>