<?xml version = '1.0' encoding = 'UTF-8'?>
<FKIndexAssociation class="oracle.dbtools.crest.model.design.relational.FKIndexAssociation" directorySegmentName="seg_0" id="E77EA29F-CF7C-C648-E0F8-EAF679311CA8" containerWithKeyObject="F89E5AC2-6C89-8D76-E96A-A400318B0CA9" localFKIndex="D5F00BFF-C1E4-A92F-9FA5-8B7B417A4B0C" name="fk_coordinacion_usuario">
<sourceDDLFile>base.sql</sourceDDLFile>
<createdBy>Alumno</createdBy>
<createdTime>2025-10-29 16:00:47 UTC</createdTime>
<ownerDesignName>diagramasDeBaseDeDatos</ownerDesignName>
<importedID>0BD58467-D5B9-3BCF-CAD1-595827C9F91F</importedID>
<referredTableLongName>Usuario</referredTableLongName>
<deleteRule>NO ACTION</deleteRule>
<referredTableID>55C06898-C3C0-ED0F-2901-77B4C34090A4</referredTableID>
<keyObject>AC2F40F6-0C9D-04C1-51CC-1D7117A82758</keyObject>
<referredKeyID>AC2F40F6-0C9D-04C1-51CC-1D7117A82758</referredKeyID>
<mandatory>true</mandatory>
<refColNames>id_usuario</refColNames>
<transferable>true</transferable>
<rely>false</rely>
<columnDependencyConstraintGenerateInDDL>true</columnDependencyConstraintGenerateInDDL>
</FKIndexAssociation>