<?xml version = '1.0' encoding = 'UTF-8'?>
<FKIndexAssociation class="oracle.dbtools.crest.model.design.relational.FKIndexAssociation" directorySegmentName="seg_0" id="EB26F503-B6D3-0863-DDAC-6F99992F07E8" containerWithKeyObject="F987D9B1-DF0E-520B-88CE-1CD584FFCDF8" localFKIndex="06B8DCCD-011D-051E-DCBD-9102AFFFD3BC" name="fk_version_recurso">
<sourceDDLFile>base.sql</sourceDDLFile>
<createdBy>Alumno</createdBy>
<createdTime>2025-10-29 16:00:47 UTC</createdTime>
<ownerDesignName>diagramasDeBaseDeDatos</ownerDesignName>
<importedID>98CC0804-F63E-4AE1-3074-259BFBC0C50F</importedID>
<referredTableLongName>Recurso</referredTableLongName>
<deleteRule>NO ACTION</deleteRule>
<referredTableID>A69B5AA6-6B3D-79F4-8A30-FDD8E06AFDBC</referredTableID>
<keyObject>CAF14729-AEFD-2DF5-4EE9-AD9F823E3231</keyObject>
<referredKeyID>CAF14729-AEFD-2DF5-4EE9-AD9F823E3231</referredKeyID>
<mandatory>true</mandatory>
<refColNames>id_recurso</refColNames>
<transferable>true</transferable>
<rely>false</rely>
<columnDependencyConstraintGenerateInDDL>true</columnDependencyConstraintGenerateInDDL>
</FKIndexAssociation>