<?xml version = '1.0' encoding = 'UTF-8'?>
<TableProxyOraclev12c class="oracle.dbtools.crest.model.design.storage.oracle.v12c.TableProxyOraclev12c" name="TI" directorySegmentName="seg_0" id="9421A358-8337-9A80-7DE1-3B0CC35CB51D">
<createdBy>Alumno</createdBy>
<createdTime>2025-10-29 16:00:47 UTC</createdTime>
<ownerDesignName>diagramasDeBaseDeDatos</ownerDesignName>
<logging>YES</logging>
<partitionedRowMovement>DISABLE</partitionedRowMovement>
<temporaryChanged>false</temporaryChanged>
<accessDriverType>oracle_loader</accessDriverType>
<rejectLimit></rejectLimit>
<columnProxies itemClass="oracle.dbtools.crest.model.design.storage.oracle.v12c.ColumnProxyOraclev12c">
<ColumnProxy name="especialidad" id="8B6DAA5F-E931-1BF3-23E5-BAE383354C96">
<createdBy>Alumno</createdBy>
<createdTime>2025-10-29 16:00:47 UTC</createdTime>
<ownerDesignName>diagramasDeBaseDeDatos</ownerDesignName>
</ColumnProxy>
<ColumnProxy name="id_usuario" id="C8AA6D83-7FFF-868D-D504-090723B2C723">
<createdBy>Alumno</createdBy>
<createdTime>2025-10-29 16:00:47 UTC</createdTime>
<ownerDesignName>diagramasDeBaseDeDatos</ownerDesignName>
</ColumnProxy>
<ColumnProxy name="id_ti" id="D381B44A-C0E0-8D5E-D7AB-9BC647B61D9C">
<createdBy>Alumno</createdBy>
<createdTime>2025-10-29 16:00:47 UTC</createdTime>
<ownerDesignName>diagramasDeBaseDeDatos</ownerDesignName>
<autoIncrementDDL>IDENTITY_CLAUSE</autoIncrementDDL>
</ColumnProxy>
</columnProxies>
<foreignKeys>
<ForeignKey class="oracle.dbtools.crest.model.design.storage.oracle.v10g.FKProxyOraclev10g" name="fk_ti_usuario" id="64AB6606-4AD0-F20C-0CE3-9211C8B9F783">
<createdBy>Alumno</createdBy>
<createdTime>2025-10-29 16:00:47 UTC</createdTime>
<ownerDesignName>diagramasDeBaseDeDatos</ownerDesignName>
</ForeignKey>
</foreignKeys>
<primaryKeys>
<PrimaryKey class="oracle.dbtools.crest.model.design.storage.oracle.v10g.PKProxyOraclev10g" name="TI_PK" id="7EA20E2D-4506-869C-D1B3-24342E0FCB37">
<createdBy>Alumno</createdBy>
<createdTime>2025-10-29 16:00:47 UTC</createdTime>
<ownerDesignName>diagramasDeBaseDeDatos</ownerDesignName>
<indexSort>SORTED</indexSort>
</PrimaryKey>
</primaryKeys>
</TableProxyOraclev12c>