<?xml version = '1.0' encoding = 'UTF-8'?>
<relationalModel class="oracle.dbtools.crest.model.design.relational.RelationalDesign" name="Relational_1" id="E45ED7D8-6199-63E0-9CB1-EA47A0BC6243" mainViewID="B6A96786-5F57-7F9B-1C78-0D8A1EDFD84A">
<createdBy>Alumno</createdBy>
<createdTime>2025-10-29 15:47:23 UTC</createdTime>
<ownerDesignName>diagramasDeBaseDeDatos</ownerDesignName>
<shouldBeOpen>false</shouldBeOpen>
<selectedRDBMSSite>3FD120B5-9F4E-6278-D5E2-746D192C8319</selectedRDBMSSite>
<importDDLFileStamps>
<importDDLFileStamp class="oracle.dbtools.crest.imports.DDLFileStamp">
<fileName>base.sql</fileName>
<pathName>C:\Users\Alumno\Descargas</pathName>
<dbType>11</dbType>
</importDDLFileStamp>
</importDDLFileStamps>
</relationalModel>