<?xml version = '1.0' encoding = 'UTF-8'?>
<Diagram class="oracle.dbtools.crest.swingui.relational.DPVRelational" name="Relational_1" id="B6A96786-5F57-7F9B-1C78-0D8A1EDFD84A">
<createdBy>Alumno</createdBy>
<modifiedBy>Alumno</modifiedBy>
<createdTime>2025-10-29 16:00:47 UTC</createdTime>
<autoRoute>false</autoRoute>
<boxInbox>true</boxInbox>
<showLegend>false</showLegend>
<showLabels>false</showLabels>
<showRelAttributes>false</showRelAttributes>
<gridEnabled>false</gridEnabled>
<showGrid>false</showGrid>
<diagramColor>-1</diagramColor>
<display>false</display>
<notation>1</notation>
<objectViews>
<OView class="oracle.dbtools.crest.swingui.relational.TVTable" oid="3832B87F-E94A-69C9-F234-25D956305AEF" otype="Table" vid="91C33EF7-F240-07A4-58C5-BFD92AA48051">
<hideElementsInCurrentOnly>false</hideElementsInCurrentOnly>
<bounds x="537" y="8" width="213" height="178"/>
</OView>
<OView class="oracle.dbtools.crest.swingui.relational.TVTable" oid="55C06898-C3C0-ED0F-2901-77B4C34090A4" otype="Table" vid="6C840AB1-8FB2-459D-2A04-2B8B7250AFF6">
<hideElementsInCurrentOnly>false</hideElementsInCurrentOnly>
<bounds x="285" y="188" width="193" height="144"/>
</OView>
<OView class="oracle.dbtools.crest.swingui.relational.TVTable" oid="5D2EB3D1-63B3-9C26-DFAA-49A005E58606" otype="Table" vid="568A32AE-1AB0-7213-EA92-F8F5E0972FCB">
<hideElementsInCurrentOnly>false</hideElementsInCurrentOnly>
<bounds x="557" y="263" width="201" height="110"/>
</OView>
<OView class="oracle.dbtools.crest.swingui.relational.TVTable" oid="7F798521-5FF9-4624-C539-514EBD389CDD" otype="Table" vid="95600BBA-9C67-65F2-2108-B79BDC6B475C">
<hideElementsInCurrentOnly>false</hideElementsInCurrentOnly>
<bounds x="1084" y="361" width="201" height="122"/>
</OView>
<OView class="oracle.dbtools.crest.swingui.relational.TVTable" oid="80468C74-8776-022B-C134-67B342F110AB" otype="Table" vid="A340990B-4ADE-8554-6B53-CD0D1A6C90A7">
<hideElementsInCurrentOnly>false</hideElementsInCurrentOnly>
<bounds x="790" y="344" width="200" height="164"/>
</OView>
<OView class="oracle.dbtools.crest.swingui.relational.TVTable" oid="8FA82216-0A59-E851-036F-B74739217231" otype="Table" vid="E7CD5E15-7B6D-1BB7-B8C1-87A1D5334600">
<hideElementsInCurrentOnly>false</hideElementsInCurrentOnly>
<bounds x="36" y="335" width="199" height="122"/>
</OView>
<OView class="oracle.dbtools.crest.swingui.relational.TVTable" oid="9421A358-8337-9A80-7DE1-3B0CC35CB51D" otype="Table" vid="C6B80C53-40A1-0E72-8B73-1BEFBBA19CDF">
<hideElementsInCurrentOnly>false</hideElementsInCurrentOnly>
<bounds x="37" y="184" width="202" height="108"/>
</OView>
<OView class="oracle.dbtools.crest.swingui.relational.TVTable" oid="A69B5AA6-6B3D-79F4-8A30-FDD8E06AFDBC" otype="Table" vid="697E5A0E-3EAD-ECFC-AC01-046F99934FEE">
<hideElementsInCurrentOnly>false</hideElementsInCurrentOnly>
<bounds x="857" y="17" width="205" height="193"/>
</OView>
<OView class="oracle.dbtools.crest.swingui.relational.TVTable" oid="CF861276-4C84-C442-4F2D-186144101D50" otype="Table" vid="03E8E477-11E7-7D25-AAE1-3701B3A08C99">
<hideElementsInCurrentOnly>false</hideElementsInCurrentOnly>
<bounds x="294" y="402" width="217" height="108"/>
</OView>
<OView class="oracle.dbtools.crest.swingui.relational.TVTable" oid="D8246543-E0C9-852E-5AF0-91C8713B4FE9" otype="Table" vid="FC832CA7-415F-53B7-4672-4A8BF11280CC">
<hideElementsInCurrentOnly>false</hideElementsInCurrentOnly>
<bounds x="1168" y="178" width="213" height="150"/>
</OView>
<OView class="oracle.dbtools.crest.swingui.relational.TVTable" oid="F89E5AC2-6C89-8D76-E96A-A400318B0CA9" otype="Table" vid="985E16AF-8FB4-354C-6C97-88C87FA4D29F">
<hideElementsInCurrentOnly>false</hideElementsInCurrentOnly>
<bounds x="36" y="32" width="219" height="108"/>
</OView>
<OView class="oracle.dbtools.crest.swingui.relational.TVTable" oid="F987D9B1-DF0E-520B-88CE-1CD584FFCDF8" otype="Table" vid="58652CFA-8B81-EC2F-6B35-99B0817CBC01">
<hideElementsInCurrentOnly>false</hideElementsInCurrentOnly>
<bounds x="1172" y="19" width="210" height="136"/>
</OView>
</objectViews>
<connectors>
<Connector class="oracle.dbtools.crest.swingui.relational.TVFKRelation" oid="1032F6D5-CECA-BF17-34C5-7A59B4784286" otype="FKIndexAssociation" vid_source="03E8E477-11E7-7D25-AAE1-3701B3A08C99" vid_target="A340990B-4ADE-8554-6B53-CD0D1A6C90A7">
<hideElementsInCurrentOnly>false</hideElementsInCurrentOnly>
<backgroundColor>-16777216</backgroundColor>
<lineWidth>1</lineWidth>
<points>
<point x="511" y="455"/>
<point x="790" y="455"/>
</points>
</Connector>
<Connector class="oracle.dbtools.crest.swingui.relational.TVFKRelation" oid="1DE029BD-8094-2951-02F5-11F2FC87FBD1" otype="FKIndexAssociation" vid_source="6C840AB1-8FB2-459D-2A04-2B8B7250AFF6" vid_target="568A32AE-1AB0-7213-EA92-F8F5E0972FCB">
<hideElementsInCurrentOnly>false</hideElementsInCurrentOnly>
<backgroundColor>-16777216</backgroundColor>
<lineWidth>1</lineWidth>
<points>
<point x="478" y="297"/>
<point x="557" y="297"/>
</points>
</Connector>
<Connector class="oracle.dbtools.crest.swingui.relational.TVFKRelation" oid="22681573-7A8D-AD45-C267-0ED26BDF8938" otype="FKIndexAssociation" vid_source="697E5A0E-3EAD-ECFC-AC01-046F99934FEE" vid_target="A340990B-4ADE-8554-6B53-CD0D1A6C90A7">
<hideElementsInCurrentOnly>false</hideElementsInCurrentOnly>
<backgroundColor>-16777216</backgroundColor>
<lineWidth>1</lineWidth>
<points>
<point x="923" y="210"/>
<point x="923" y="344"/>
</points>
</Connector>
<Connector class="oracle.dbtools.crest.swingui.relational.TVFKRelation" oid="443F3A75-7C84-4213-D1AE-8C2CBCB42C1E" otype="FKIndexAssociation" vid_source="6C840AB1-8FB2-459D-2A04-2B8B7250AFF6" vid_target="03E8E477-11E7-7D25-AAE1-3701B3A08C99">
<hideElementsInCurrentOnly>false</hideElementsInCurrentOnly>
<backgroundColor>-16777216</backgroundColor>
<lineWidth>1</lineWidth>
<points>
<point x="386" y="332"/>
<point x="386" y="402"/>
</points>
</Connector>
<Connector class="oracle.dbtools.crest.swingui.relational.TVFKRelation" oid="498E7AD7-2317-45F9-8C92-2D0510955A86" otype="FKIndexAssociation" vid_source="6C840AB1-8FB2-459D-2A04-2B8B7250AFF6" vid_target="E7CD5E15-7B6D-1BB7-B8C1-87A1D5334600">
<hideElementsInCurrentOnly>false</hideElementsInCurrentOnly>
<backgroundColor>-16777216</backgroundColor>
<lineWidth>1</lineWidth>
<points>
<point x="285" y="313"/>
<point x="235" y="340"/>
</points>
</Connector>
<Connector class="oracle.dbtools.crest.swingui.relational.TVFKRelation" oid="552FB460-2867-4601-74D6-6373142C92FE" otype="FKIndexAssociation" vid_source="697E5A0E-3EAD-ECFC-AC01-046F99934FEE" vid_target="95600BBA-9C67-65F2-2108-B79BDC6B475C">
<hideElementsInCurrentOnly>false</hideElementsInCurrentOnly>
<backgroundColor>-16777216</backgroundColor>
<lineWidth>1</lineWidth>
<points>
<point x="1029" y="210"/>
<point x="1140" y="361"/>
</points>
</Connector>
<Connector class="oracle.dbtools.crest.swingui.relational.TVFKRelation" oid="5DB946AA-4744-BD3A-6282-84415F9605B4" otype="FKIndexAssociation" vid_source="6C840AB1-8FB2-459D-2A04-2B8B7250AFF6" vid_target="C6B80C53-40A1-0E72-8B73-1BEFBBA19CDF">
<hideElementsInCurrentOnly>false</hideElementsInCurrentOnly>
<backgroundColor>-16777216</backgroundColor>
<lineWidth>1</lineWidth>
<points>
<point x="285" y="240"/>
<point x="239" y="240"/>
</points>
</Connector>
<Connector class="oracle.dbtools.crest.swingui.relational.TVFKRelation" oid="A25386B4-A8DE-D4EB-C0F6-979A3E38345A" otype="FKIndexAssociation" vid_source="697E5A0E-3EAD-ECFC-AC01-046F99934FEE" vid_target="91C33EF7-F240-07A4-58C5-BFD92AA48051">
<hideElementsInCurrentOnly>false</hideElementsInCurrentOnly>
<backgroundColor>-16777216</backgroundColor>
<lineWidth>1</lineWidth>
<points>
<point x="857" y="101"/>
<point x="750" y="101"/>
</points>
</Connector>
<Connector class="oracle.dbtools.crest.swingui.relational.TVFKRelation" oid="B39B227E-747E-2E8D-DB1A-DCF2761A4BA0" otype="FKIndexAssociation" vid_source="6C840AB1-8FB2-459D-2A04-2B8B7250AFF6" vid_target="91C33EF7-F240-07A4-58C5-BFD92AA48051">
<hideElementsInCurrentOnly>false</hideElementsInCurrentOnly>
<backgroundColor>-16777216</backgroundColor>
<lineWidth>1</lineWidth>
<points>
<point x="478" y="199"/>
<point x="537" y="163"/>
</points>
</Connector>
<Connector class="oracle.dbtools.crest.swingui.relational.TVFKRelation" oid="B6BB56A1-7DED-9D79-6ADD-A60EC2AF8DD6" otype="FKIndexAssociation" vid_source="568A32AE-1AB0-7213-EA92-F8F5E0972FCB" vid_target="697E5A0E-3EAD-ECFC-AC01-046F99934FEE">
<hideElementsInCurrentOnly>false</hideElementsInCurrentOnly>
<backgroundColor>-16777216</backgroundColor>
<lineWidth>1</lineWidth>
<points>
<point x="738" y="263"/>
<point x="857" y="182"/>
</points>
</Connector>
<Connector class="oracle.dbtools.crest.swingui.relational.TVFKRelation" oid="DF9E2031-860D-1C19-074E-3D11B8177612" otype="FKIndexAssociation" vid_source="697E5A0E-3EAD-ECFC-AC01-046F99934FEE" vid_target="FC832CA7-415F-53B7-4672-4A8BF11280CC">
<hideElementsInCurrentOnly>false</hideElementsInCurrentOnly>
<backgroundColor>-16777216</backgroundColor>
<lineWidth>1</lineWidth>
<points>
<point x="1062" y="194"/>
<point x="1168" y="194"/>
</points>
</Connector>
<Connector class="oracle.dbtools.crest.swingui.relational.TVFKRelation" oid="E77EA29F-CF7C-C648-E0F8-EAF679311CA8" otype="FKIndexAssociation" vid_source="6C840AB1-8FB2-459D-2A04-2B8B7250AFF6" vid_target="985E16AF-8FB4-354C-6C97-88C87FA4D29F">
<hideElementsInCurrentOnly>false</hideElementsInCurrentOnly>
<backgroundColor>-16777216</backgroundColor>
<lineWidth>1</lineWidth>
<points>
<point x="285" y="188"/>
<point x="218" y="140"/>
</points>
</Connector>
<Connector class="oracle.dbtools.crest.swingui.relational.TVFKRelation" oid="EB26F503-B6D3-0863-DDAC-6F99992F07E8" otype="FKIndexAssociation" vid_source="697E5A0E-3EAD-ECFC-AC01-046F99934FEE" vid_target="58652CFA-8B81-EC2F-6B35-99B0817CBC01">
<hideElementsInCurrentOnly>false</hideElementsInCurrentOnly>
<backgroundColor>-16777216</backgroundColor>
<lineWidth>1</lineWidth>
<points>
<point x="1062" y="87"/>
<point x="1172" y="87"/>
</points>
</Connector>
</connectors>
</Diagram>